entity_type,entity_name,cited_doc_count,non_cited_doc_count,cited_coverage_rate,non_cited_coverage_rate,coverage_lift,cited_total_mentions,non_cited_total_mentions,avg_salience_cited,avg_salience_non_cited
PHONE_NUMBER,(877) 536-0123,1,0,0.0526,0.0,0.526,2,0,0.0,0.0
PRICE,$250,2,1,0.1053,0.0213,4.9437,2,2,0.0,0.0
PRICE,$75,2,1,0.1053,0.0213,4.9437,2,1,0.0,0.0
PRICE,$1,2,1,0.1053,0.0213,4.9437,2,1,0.0,0.0
PRICE,$60,2,1,0.1053,0.0213,4.9437,2,2,0.0,0.0
PRICE,$23,3,2,0.1579,0.0426,3.7066,3,3,0.0,0.0
PRICE,$229.99,3,3,0.1579,0.0638,2.4749,3,5,0.0,0.0
PRICE,$69,2,2,0.1053,0.0426,2.4718,2,2,0.0,0.0
PRICE,$30,2,2,0.1053,0.0426,2.4718,3,2,0.0,0.0
PRICE,$147,2,2,0.1053,0.0426,2.4718,2,3,0.0,0.0
PRICE,$297,2,2,0.1053,0.0426,2.4718,2,2,0.0,0.0
PRICE,$129,1,1,0.0526,0.0213,2.4695,1,1,0.0,0.0
PRICE,$349,1,1,0.0526,0.0213,2.4695,1,2,0.0,0.0
PRICE,$0.10,1,1,0.0526,0.0213,2.4695,1,1,0.0,0.0
PRICE,€29,1,1,0.0526,0.0213,2.4695,4,2,0.0,0.0
PRICE,$59.99,1,1,0.0526,0.0213,2.4695,1,1,0.0,0.0
PRICE,$890,1,1,0.0526,0.0213,2.4695,2,1,0.0,0.0
PRICE,$39.99,1,1,0.0526,0.0213,2.4695,2,1,0.0,0.0
PRICE,$375,1,1,0.0526,0.0213,2.4695,1,1,0.0,0.0
PRICE,$149.99,1,1,0.0526,0.0213,2.4695,1,1,0.0,0.0
PRICE,$149,1,1,0.0526,0.0213,2.4695,2,2,0.0,0.0
PRICE,$29.95,1,1,0.0526,0.0213,2.4695,1,2,0.0,0.0
PRICE,$189.99,1,1,0.0526,0.0213,2.4695,1,2,0.0,0.0
PRICE,$300,1,1,0.0526,0.0213,2.4695,1,1,0.0,0.0
PRICE,$15,1,1,0.0526,0.0213,2.4695,2,2,0.0,0.0
PRICE,$40,1,1,0.0526,0.0213,2.4695,2,1,0.0,0.0
PRICE,$11,3,4,0.1579,0.0851,1.8555,3,5,0.0,0.0
PRICE,$29.99,3,4,0.1579,0.0851,1.8555,4,8,0.0,0.0
PRICE,$99,4,7,0.2105,0.1489,1.4137,7,9,0.0,0.0
PRICE,$19.99,4,7,0.2105,0.1489,1.4137,6,11,0.0,0.0
PRICE,$9,6,11,0.3158,0.234,1.3496,15,17,0.0,0.0
PRICE,$5,2,4,0.1053,0.0851,1.2374,2,4,0.0,0.0
PRICE,$19,4,8,0.2105,0.1702,1.2368,8,13,0.0,0.0
PRICE,$50,3,6,0.1579,0.1277,1.2365,4,7,0.0,0.0
PRICE,$49,3,6,0.1579,0.1277,1.2365,5,8,0.0,0.0
PRICE,$35,1,2,0.0526,0.0426,1.2347,1,2,0.0,0.0
PRICE,$20,1,2,0.0526,0.0426,1.2347,1,2,0.0,0.0
PRICE,$0.05,1,2,0.0526,0.0426,1.2347,1,2,0.0,0.0
PRICE,$49.99,1,2,0.0526,0.0426,1.2347,1,3,0.0,0.0
PRICE,$239,1,2,0.0526,0.0426,1.2347,1,2,0.0,0.0
PRICE,$0.01,1,2,0.0526,0.0426,1.2347,3,2,0.0,0.0
PRICE,$69.99,1,2,0.0526,0.0426,1.2347,1,2,0.0,0.0
PRICE,$10,3,7,0.1579,0.1489,1.0604,3,8,0.0,0.0
PRICE,$199,3,7,0.1579,0.1489,1.0604,4,11,0.0,0.0
PRICE,$9.99,4,10,0.2105,0.2128,0.9892,6,14,0.0,0.0
PRICE,$29,4,11,0.2105,0.234,0.8996,7,18,0.0,0.0
PRICE,$59,2,6,0.1053,0.1277,0.8246,2,10,0.0,0.0
PRICE,$299,1,3,0.0526,0.0638,0.8245,1,3,0.0,0.0
PRICE,$99.99,1,4,0.0526,0.0851,0.6181,2,6,0.0,0.0
PRICE,$155,1,4,0.0526,0.0851,0.6181,2,6,0.0,0.0
PRICE,$13.26,1,0,0.0526,0.0,0.526,1,0,0.0,0.0
PRICE,US$12,1,0,0.0526,0.0,0.526,1,0,0.0,0.0
PRICE,US$0.01,1,0,0.0526,0.0,0.526,1,0,0.0,0.0
PRICE,US$99,1,0,0.0526,0.0,0.526,1,0,0.0,0.0
PRICE,$4M,1,0,0.0526,0.0,0.526,2,0,0.0,0.0
PRICE,340 dollars,1,0,0.0526,0.0,0.526,1,0,0.0,0.0
PRICE,US$12.58,1,0,0.0526,0.0,0.526,1,0,0.0,0.0
PRICE,299 dollars,1,0,0.0526,0.0,0.526,1,0,0.0,0.0
PRICE,US$40,1,0,0.0526,0.0,0.526,2,0,0.0,0.0
PRICE,$0.08,1,0,0.0526,0.0,0.526,1,0,0.0,0.0
PRICE,$ 10.30,1,0,0.0526,0.0,0.526,1,0,0.0,0.0
PRICE,$94,1,0,0.0526,0.0,0.526,1,0,0.0,0.0
PRICE,US$3.70,1,0,0.0526,0.0,0.526,1,0,0.0,0.0
PRICE,$3,1,0,0.0526,0.0,0.526,1,0,0.0,0.0
PRICE,$650,1,0,0.0526,0.0,0.526,1,0,0.0,0.0
PRICE,US$5.99,1,0,0.0526,0.0,0.526,1,0,0.0,0.0
PRICE,"US$2,388",1,0,0.0526,0.0,0.526,1,0,0.0,0.0
PRICE,US$9.90,1,0,0.0526,0.0,0.526,1,0,0.0,0.0
PRICE,US$2.20,1,0,0.0526,0.0,0.526,1,0,0.0,0.0
PRICE,"US$1,080",1,0,0.0526,0.0,0.526,1,0,0.0,0.0
PRICE,"40,000 euros",1,0,0.0526,0.0,0.526,1,0,0.0,0.0
PRICE,US$0.07,1,0,0.0526,0.0,0.526,1,0,0.0,0.0
PRICE,US$2.78,1,0,0.0526,0.0,0.526,1,0,0.0,0.0
PRICE,$23.5,1,0,0.0526,0.0,0.526,1,0,0.0,0.0
PRICE,$350 dollars,1,0,0.0526,0.0,0.526,1,0,0.0,0.0
PRICE,US$23.90,1,0,0.0526,0.0,0.526,1,0,0.0,0.0
PRICE,US$4.49,1,0,0.0526,0.0,0.526,1,0,0.0,0.0
PRICE,US$4M,1,0,0.0526,0.0,0.526,1,0,0.0,0.0
PRICE,$109,1,0,0.0526,0.0,0.526,1,0,0.0,0.0
PRICE,$9.95,1,0,0.0526,0.0,0.526,1,0,0.0,0.0
PRICE,$ 6.5,1,0,0.0526,0.0,0.526,1,0,0.0,0.0
PRICE,$24,1,0,0.0526,0.0,0.526,1,0,0.0,0.0
PRICE,250 dollars,1,0,0.0526,0.0,0.526,1,0,0.0,0.0
PRICE,US$106,1,0,0.0526,0.0,0.526,1,0,0.0,0.0
PRICE,"$30,000",1,0,0.0526,0.0,0.526,2,0,0.0,0.0
PRICE,$39,1,0,0.0526,0.0,0.526,1,0,0.0,0.0
PRICE,$100M,1,0,0.0526,0.0,0.526,1,0,0.0,0.0
PRICE,$ 299,1,0,0.0526,0.0,0.526,1,0,0.0,0.0
PRICE,US$25,1,0,0.0526,0.0,0.526,1,0,0.0,0.0
PRICE,$312,1,0,0.0526,0.0,0.526,1,0,0.0,0.0
PRICE,US$23,1,0,0.0526,0.0,0.526,1,0,0.0,0.0
PRICE,US$152,1,0,0.0526,0.0,0.526,1,0,0.0,0.0
PRICE,US$17,1,0,0.0526,0.0,0.526,1,0,0.0,0.0
PRICE,US$8.50,1,0,0.0526,0.0,0.526,1,0,0.0,0.0
PRICE,US$2.50,1,0,0.0526,0.0,0.526,1,0,0.0,0.0
PRICE,US$8,1,0,0.0526,0.0,0.526,1,0,0.0,0.0
PRICE,$105,1,0,0.0526,0.0,0.526,1,0,0.0,0.0
PRICE,€40,1,0,0.0526,0.0,0.526,2,0,0.0,0.0
PRICE,US$0.25,1,0,0.0526,0.0,0.526,1,0,0.0,0.0
PRICE,$ 100,1,0,0.0526,0.0,0.526,1,0,0.0,0.0
PRICE,US$19.90,1,0,0.0526,0.0,0.526,1,0,0.0,0.0
PRICE,€0.09,1,0,0.0526,0.0,0.526,2,0,0.0,0.0
PRICE,$26.38,1,0,0.0526,0.0,0.526,1,0,0.0,0.0
PRICE,$399,1,0,0.0526,0.0,0.526,1,0,0.0,0.0
PRICE,US$18,1,0,0.0526,0.0,0.526,1,0,0.0,0.0
PRICE,$80,1,0,0.0526,0.0,0.526,1,0,0.0,0.0
PRICE,US$1.60,1,0,0.0526,0.0,0.526,1,0,0.0,0.0
PRICE,23 dollars,1,0,0.0526,0.0,0.526,1,0,0.0,0.0
PRICE,155 dollars,1,0,0.0526,0.0,0.526,2,0,0.0,0.0
PRICE,"$65,000",1,0,0.0526,0.0,0.526,1,0,0.0,0.0
PRICE,US$2,1,0,0.0526,0.0,0.526,2,0,0.0,0.0
PRICE,US$1.94,1,0,0.0526,0.0,0.526,1,0,0.0,0.0
PRICE,$0.07,1,0,0.0526,0.0,0.526,2,0,0.0,0.0
PRICE,US$384,1,0,0.0526,0.0,0.526,1,0,0.0,0.0
PRICE,199 dollars,1,0,0.0526,0.0,0.526,1,0,0.0,0.0
PRICE,$89,1,0,0.0526,0.0,0.526,2,0,0.0,0.0
PRICE,$23.5M,1,0,0.0526,0.0,0.526,1,0,0.0,0.0
PRICE,US$259,1,0,0.0526,0.0,0.526,1,0,0.0,0.0
PRICE,$455,1,0,0.0526,0.0,0.526,1,0,0.0,0.0
PRICE,US$0.99,1,0,0.0526,0.0,0.526,1,0,0.0,0.0
PRICE,US$28,1,0,0.0526,0.0,0.526,1,0,0.0,0.0
PRICE,$50M,1,0,0.0526,0.0,0.526,1,0,0.0,0.0
PRICE,US$13.90,1,0,0.0526,0.0,0.526,1,0,0.0,0.0
PRICE,$100,1,5,0.0526,0.1064,0.4944,1,6,0.0,0.0
PRICE,$0,1,7,0.0526,0.1489,0.3533,1,8,0.0,0.0
PRICE,$247,0,1,0.0,0.0213,0.0,0,1,0.0,0.0
PRICE,$14.99,0,3,0.0,0.0638,0.0,0,3,0.0,0.0
PRICE,€10,0,1,0.0,0.0213,0.0,0,2,0.0,0.0
PRICE,$300.00,0,1,0.0,0.0213,0.0,0,1,0.0,0.0
PRICE,325 USD,0,1,0.0,0.0213,0.0,0,1,0.0,0.0
PRICE,$108,0,1,0.0,0.0213,0.0,0,1,0.0,0.0
PRICE,253 USD,0,1,0.0,0.0213,0.0,0,1,0.0,0.0
PRICE,$761,0,1,0.0,0.0213,0.0,0,1,0.0,0.0
PRICE,"INR 4,499",0,1,0.0,0.0213,0.0,0,1,0.0,0.0
PRICE,€99,0,1,0.0,0.0213,0.0,0,1,0.0,0.0
PRICE,$399.99,0,1,0.0,0.0213,0.0,0,1,0.0,0.0
PRICE,€5,0,1,0.0,0.0213,0.0,0,1,0.0,0.0
PRICE,$119,0,2,0.0,0.0426,0.0,0,2,0.0,0.0
PRICE,$1.00,0,1,0.0,0.0213,0.0,0,1,0.0,0.0
PRICE,Rs. 25,0,1,0.0,0.0213,0.0,0,1,0.0,0.0
PRICE,$70,0,2,0.0,0.0426,0.0,0,2,0.0,0.0
PRICE,$5.49,0,1,0.0,0.0213,0.0,0,1,0.0,0.0
PRICE,$150,0,1,0.0,0.0213,0.0,0,2,0.0,0.0
PRICE,$999,0,1,0.0,0.0213,0.0,0,1,0.0,0.0
PRICE,"€197,253",0,1,0.0,0.0213,0.0,0,1,0.0,0.0
PRICE,$26,0,1,0.0,0.0213,0.0,0,1,0.0,0.0
PRICE,$145,0,1,0.0,0.0213,0.0,0,1,0.0,0.0
PRICE,$849.9,0,1,0.0,0.0213,0.0,0,1,0.0,0.0
PRICE,"$1,850",0,1,0.0,0.0213,0.0,0,1,0.0,0.0
PRICE,€8,0,1,0.0,0.0213,0.0,0,1,0.0,0.0
PRICE,$121,0,1,0.0,0.0213,0.0,0,1,0.0,0.0
PRICE,$708,0,1,0.0,0.0213,0.0,0,1,0.0,0.0
PRICE,$130,0,1,0.0,0.0213,0.0,0,1,0.0,0.0
PRICE,"INR 2,999",0,1,0.0,0.0213,0.0,0,1,0.0,0.0
PRICE,$95.00,0,1,0.0,0.0213,0.0,0,1,0.0,0.0
PRICE,$95,0,1,0.0,0.0213,0.0,0,1,0.0,0.0
PRICE,€59.00,0,1,0.0,0.0213,0.0,0,1,0.0,0.0
PRICE,$20.00,0,1,0.0,0.0213,0.0,0,1,0.0,0.0
PRICE,$600,0,1,0.0,0.0213,0.0,0,1,0.0,0.0
PRICE,$350,0,1,0.0,0.0213,0.0,0,1,0.0,0.0
PRICE,$371,0,1,0.0,0.0213,0.0,0,1,0.0,0.0
PRICE,$220,0,1,0.0,0.0213,0.0,0,2,0.0,0.0
PRICE,£125,0,1,0.0,0.0213,0.0,0,2,0.0,0.0
PRICE,"INR 1,500",0,1,0.0,0.0213,0.0,0,1,0.0,0.0
PRICE,$200,0,3,0.0,0.0638,0.0,0,5,0.0,0.0
PRICE,$45,0,1,0.0,0.0213,0.0,0,1,0.0,0.0
PRICE,$449,0,2,0.0,0.0426,0.0,0,2,0.0,0.0
PRICE,€220,0,1,0.0,0.0213,0.0,0,1,0.0,0.0
PRICE,$4,0,1,0.0,0.0213,0.0,0,1,0.0,0.0
PRICE,€14,0,1,0.0,0.0213,0.0,0,1,0.0,0.0
PRICE,€25,0,1,0.0,0.0213,0.0,0,2,0.0,0.0
PRICE,€18,0,1,0.0,0.0213,0.0,0,1,0.0,0.0
PRICE,195 USD,0,1,0.0,0.0213,0.0,0,1,0.0,0.0
PRICE,€250,0,1,0.0,0.0213,0.0,0,1,0.0,0.0
PRICE,€23,0,1,0.0,0.0213,0.0,0,1,0.0,0.0
PRICE,$12,0,2,0.0,0.0426,0.0,0,2,0.0,0.0
PRICE,$11.00,0,1,0.0,0.0213,0.0,0,1,0.0,0.0
PRICE,$0.30,0,1,0.0,0.0213,0.0,0,2,0.0,0.0
PRICE,$500,0,1,0.0,0.0213,0.0,0,1,0.0,0.0
PRICE,$189,0,1,0.0,0.0213,0.0,0,1,0.0,0.0
PRICE,$159.99,0,4,0.0,0.0851,0.0,0,5,0.0,0.0
PRICE,$395.00,0,1,0.0,0.0213,0.0,0,1,0.0,0.0
PRICE,$25.3,0,1,0.0,0.0213,0.0,0,1,0.0,0.0
PRICE,$48,0,1,0.0,0.0213,0.0,0,1,0.0,0.0
PRICE,$8,0,1,0.0,0.0213,0.0,0,1,0.0,0.0
PRICE,$499,0,3,0.0,0.0638,0.0,0,4,0.0,0.0
PRICE,$69.995,0,1,0.0,0.0213,0.0,0,1,0.0,0.0
PRICE,€210,0,1,0.0,0.0213,0.0,0,1,0.0,0.0
PRICE,$78,0,1,0.0,0.0213,0.0,0,1,0.0,0.0
PRICE,$295.00,0,1,0.0,0.0213,0.0,0,1,0.0,0.0
PRICE,$6.99,0,1,0.0,0.0213,0.0,0,1,0.0,0.0
PRICE,$169.99,0,1,0.0,0.0213,0.0,0,1,0.0,0.0
PRICE,£63,0,1,0.0,0.0213,0.0,0,1,0.0,0.0
PRICE,€26,0,1,0.0,0.0213,0.0,0,1,0.0,0.0
PRICE,$17,0,3,0.0,0.0638,0.0,0,4,0.0,0.0
PRICE,$25,0,2,0.0,0.0426,0.0,0,3,0.0,0.0
PRICE,£21,0,1,0.0,0.0213,0.0,0,1,0.0,0.0
PRICE,€197K,0,1,0.0,0.0213,0.0,0,2,0.0,0.0
PRICE,$159,0,1,0.0,0.0213,0.0,0,1,0.0,0.0
PRICE,$275,0,1,0.0,0.0213,0.0,0,1,0.0,0.0
PRICE,$0.50,0,1,0.0,0.0213,0.0,0,1,0.0,0.0
PRICE,$18,0,1,0.0,0.0213,0.0,0,1,0.0,0.0
PRICE,$4500,0,1,0.0,0.0213,0.0,0,2,0.0,0.0
PRICE,€19,0,1,0.0,0.0213,0.0,0,2,0.0,0.0
PRICE,$28,0,1,0.0,0.0213,0.0,0,1,0.0,0.0
PRICE,€125,0,1,0.0,0.0213,0.0,0,1,0.0,0.0
PRICE,$195.00,0,1,0.0,0.0213,0.0,0,1,0.0,0.0
PRICE,€149,0,1,0.0,0.0213,0.0,0,1,0.0,0.0
PRICE,$500.00,0,1,0.0,0.0213,0.0,0,1,0.0,0.0
DATE,2020,3,1,0.1579,0.0213,7.4131,5,1,0.0,0.0
DATE,"February 8, 2026",2,1,0.1053,0.0213,4.9437,5,2,0.0,0.0
DATE,2021,4,2,0.2105,0.0426,4.9413,6,2,0.0,0.0
DATE,2018,1,1,0.0526,0.0213,2.4695,3,1,0.0,0.0
DATE,"Mar 31, 2026",1,1,0.0526,0.0213,2.4695,2,2,0.0,0.0
DATE,2022,1,1,0.0526,0.0213,2.4695,1,1,0.0,0.0
DATE,"February 10, 2026",1,1,0.0526,0.0213,2.4695,1,1,0.0,0.0
DATE,2010,1,1,0.0526,0.0213,2.4695,1,1,0.0,0.0
DATE,2025,7,8,0.3684,0.1702,2.1645,32,25,0.0,0.0
DATE,2023,3,4,0.1579,0.0851,1.8555,5,7,0.0,0.0
DATE,2015,3,0,0.1579,0.0,1.579,10,0,0.0,0.0
DATE,2026,9,18,0.4737,0.383,1.2368,32,50,0.0,0.0
DATE,2019,1,2,0.0526,0.0426,1.2347,3,2,0.0,0.0
DATE,2024,1,2,0.0526,0.0426,1.2347,1,3,0.0,0.0
DATE,"18 Jul, 2025",2,0,0.1053,0.0,1.053,2,0,0.0,0.0
DATE,December 2014,2,0,0.1053,0.0,1.053,2,0,0.0,0.0
DATE,2017,2,0,0.1053,0.0,1.053,3,0,0.0,0.0
DATE,"02 Nov, 2024",2,0,0.1053,0.0,1.053,2,0,0.0,0.0
DATE,2021-05-13,2,0,0.1053,0.0,1.053,2,0,0.0,0.0
DATE,2016,2,0,0.1053,0.0,1.053,3,0,0.0,0.0
DATE,2014,2,0,0.1053,0.0,1.053,4,0,0.0,0.0
DATE,February 2021,2,0,0.1053,0.0,1.053,2,0,0.0,0.0
DATE,July 2015,2,0,0.1053,0.0,1.053,2,0,0.0,0.0
DATE,"Apr 13, 2026",1,3,0.0526,0.0638,0.8245,1,3,0.0,0.0
DATE,"24 Mar, 2026",1,0,0.0526,0.0,0.526,1,0,0.0,0.0
DATE,"August 29, 2025",1,0,0.0526,0.0,0.526,1,0,0.0,0.0
DATE,April 2016,1,0,0.0526,0.0,0.526,1,0,0.0,0.0
DATE,December 2016,1,0,0.0526,0.0,0.526,1,0,0.0,0.0
DATE,July 2025,1,0,0.0526,0.0,0.526,1,0,0.0,0.0
DATE,"January 2, 2016",1,0,0.0526,0.0,0.526,1,0,0.0,0.0
DATE,1688,1,0,0.0526,0.0,0.526,1,0,0.0,0.0
DATE,"November 16, 2016",1,0,0.0526,0.0,0.526,2,0,0.0,0.0
DATE,"December 25, 2015",1,0,0.0526,0.0,0.526,1,0,0.0,0.0
DATE,"December 14, 2014",1,0,0.0526,0.0,0.526,1,0,0.0,0.0
DATE,2020-04-29,1,0,0.0526,0.0,0.526,1,0,0.0,0.0
DATE,2008,1,0,0.0526,0.0,0.526,1,0,0.0,0.0
DATE,"July 7, 2020",1,0,0.0526,0.0,0.526,1,0,0.0,0.0
DATE,2018-12-03,1,0,0.0526,0.0,0.526,1,0,0.0,0.0
DATE,2023-04-27,1,0,0.0526,0.0,0.526,1,0,0.0,0.0
DATE,2015-11-24,1,0,0.0526,0.0,0.526,1,0,0.0,0.0
DATE,2026-03-04,1,0,0.0526,0.0,0.526,3,0,0.0,0.0
DATE,"December 9, 2014",1,0,0.0526,0.0,0.526,1,0,0.0,0.0
DATE,2020-09-08,1,0,0.0526,0.0,0.526,3,0,0.0,0.0
DATE,June 2021,1,0,0.0526,0.0,0.526,1,0,0.0,0.0
DATE,2017-07-06,1,0,0.0526,0.0,0.526,1,0,0.0,0.0
DATE,2015-12-29,1,0,0.0526,0.0,0.526,1,0,0.0,0.0
DATE,"December 22, 2015",1,0,0.0526,0.0,0.526,1,0,0.0,0.0
DATE,"November 16, 2015",1,0,0.0526,0.0,0.526,1,0,0.0,0.0
DATE,"September 20, 2015",1,0,0.0526,0.0,0.526,1,0,0.0,0.0
DATE,March 2015,1,0,0.0526,0.0,0.526,1,0,0.0,0.0
DATE,"December 24, 2015",1,0,0.0526,0.0,0.526,1,0,0.0,0.0
DATE,2021-12-16,1,0,0.0526,0.0,0.526,2,0,0.0,0.0
DATE,2023-09-20,1,0,0.0526,0.0,0.526,1,0,0.0,0.0
DATE,"December 29, 2015",1,0,0.0526,0.0,0.526,3,0,0.0,0.0
DATE,29 December 2015,1,0,0.0526,0.0,0.526,1,0,0.0,0.0
DATE,2023-11-09,1,0,0.0526,0.0,0.526,1,0,0.0,0.0
DATE,2017-08-11,1,0,0.0526,0.0,0.526,6,0,0.0,0.0
DATE,2025-09-09,1,0,0.0526,0.0,0.526,1,0,0.0,0.0
DATE,"July 17, 2013",1,0,0.0526,0.0,0.526,1,0,0.0,0.0
DATE,"September 20, 2013",1,0,0.0526,0.0,0.526,1,0,0.0,0.0
DATE,"August 19, 2015",1,0,0.0526,0.0,0.526,10,0,0.0,0.0
DATE,2023-11-23,1,0,0.0526,0.0,0.526,1,0,0.0,0.0
DATE,2023-11-17,1,0,0.0526,0.0,0.526,1,0,0.0,0.0
DATE,2023-10-25,1,0,0.0526,0.0,0.526,1,0,0.0,0.0
DATE,2026-02-13,1,0,0.0526,0.0,0.526,8,0,0.0,0.0
DATE,"Feb 11, 2026",1,0,0.0526,0.0,0.526,1,0,0.0,0.0
DATE,2020-12-02,1,0,0.0526,0.0,0.526,1,0,0.0,0.0
DATE,"19 March, 2026",1,0,0.0526,0.0,0.526,1,0,0.0,0.0
DATE,"November 13, 2015",1,0,0.0526,0.0,0.526,1,0,0.0,0.0
DATE,"Feb 2, 2024",1,0,0.0526,0.0,0.526,3,0,0.0,0.0
DATE,"November 25, 2013",1,0,0.0526,0.0,0.526,1,0,0.0,0.0
DATE,"15 October, 2025",1,0,0.0526,0.0,0.526,1,0,0.0,0.0
DATE,2017-08-25,1,0,0.0526,0.0,0.526,2,0,0.0,0.0
DATE,11/7/2023,1,0,0.0526,0.0,0.526,1,0,0.0,0.0
DATE,"December 13, 2014",1,0,0.0526,0.0,0.526,1,0,0.0,0.0
DATE,1999,1,0,0.0526,0.0,0.526,1,0,0.0,0.0
DATE,2016-12-27,1,0,0.0526,0.0,0.526,2,0,0.0,0.0
DATE,2019-12-09,1,0,0.0526,0.0,0.526,1,0,0.0,0.0
DATE,1998,1,0,0.0526,0.0,0.526,1,0,0.0,0.0
DATE,"16 Feb, 2026",1,0,0.0526,0.0,0.526,1,0,0.0,0.0
DATE,"July 28, 2015",1,0,0.0526,0.0,0.526,1,0,0.0,0.0
DATE,"March 31, 2015",1,0,0.0526,0.0,0.526,1,0,0.0,0.0
DATE,2023-10-26,1,0,0.0526,0.0,0.526,1,0,0.0,0.0
DATE,2004,1,0,0.0526,0.0,0.526,3,0,0.0,0.0
DATE,August 2025,1,0,0.0526,0.0,0.526,1,0,0.0,0.0
DATE,2017-08-28,1,0,0.0526,0.0,0.526,1,0,0.0,0.0
DATE,2023-11-08,1,0,0.0526,0.0,0.526,1,0,0.0,0.0
DATE,July 2013,1,0,0.0526,0.0,0.526,1,0,0.0,0.0
DATE,"July 6, 2016",1,0,0.0526,0.0,0.526,2,0,0.0,0.0
DATE,"21 Jul, 2025",1,0,0.0526,0.0,0.526,1,0,0.0,0.0
DATE,July 2017,1,0,0.0526,0.0,0.526,1,0,0.0,0.0
DATE,"07 April, 2026",1,0,0.0526,0.0,0.526,1,0,0.0,0.0
DATE,"December 11, 2014",1,0,0.0526,0.0,0.526,1,0,0.0,0.0
DATE,2023-12-05,1,0,0.0526,0.0,0.526,1,0,0.0,0.0
DATE,2025-07-22,1,0,0.0526,0.0,0.526,1,0,0.0,0.0
DATE,2035,1,0,0.0526,0.0,0.526,1,0,0.0,0.0
DATE,"June 19, 2015",1,0,0.0526,0.0,0.526,1,0,0.0,0.0
DATE,"23 March, 2026",1,0,0.0526,0.0,0.526,1,0,0.0,0.0
DATE,2022-01-22,1,0,0.0526,0.0,0.526,1,0,0.0,0.0
DATE,"September 30, 2015",1,0,0.0526,0.0,0.526,1,0,0.0,0.0
DATE,2023-12-02,1,0,0.0526,0.0,0.526,1,0,0.0,0.0
DATE,2016-12-23,1,0,0.0526,0.0,0.526,1,0,0.0,0.0
DATE,"November 14, 2013",1,0,0.0526,0.0,0.526,1,0,0.0,0.0
DATE,"September 4, 2005",1,0,0.0526,0.0,0.526,1,0,0.0,0.0
DATE,June 2016,1,0,0.0526,0.0,0.526,1,0,0.0,0.0
DATE,"January 1, 2016",1,0,0.0526,0.0,0.526,1,0,0.0,0.0
DATE,"December 30, 2015",1,0,0.0526,0.0,0.526,2,0,0.0,0.0
DATE,"17 May, 2025",1,0,0.0526,0.0,0.526,1,0,0.0,0.0
DATE,2018-06-22,1,0,0.0526,0.0,0.526,1,0,0.0,0.0
DATE,2013,1,0,0.0526,0.0,0.526,1,0,0.0,0.0
DATE,2018-11-29,1,0,0.0526,0.0,0.526,1,0,0.0,0.0
DATE,2023-11-06,1,0,0.0526,0.0,0.526,1,0,0.0,0.0
DATE,12 May 2015,1,0,0.0526,0.0,0.526,1,0,0.0,0.0
DATE,October 2023,1,0,0.0526,0.0,0.526,1,0,0.0,0.0
DATE,"01 April, 2026",1,0,0.0526,0.0,0.526,1,0,0.0,0.0
DATE,September 2013,1,0,0.0526,0.0,0.526,1,0,0.0,0.0
DATE,2023-09-01,1,0,0.0526,0.0,0.526,1,0,0.0,0.0
DATE,2025-05-08,1,0,0.0526,0.0,0.526,1,0,0.0,0.0
DATE,"January 19, 2016",1,0,0.0526,0.0,0.526,1,0,0.0,0.0
DATE,April 2023,1,0,0.0526,0.0,0.526,1,0,0.0,0.0
DATE,November 2016,1,0,0.0526,0.0,0.526,1,0,0.0,0.0
DATE,2023-11-01,1,0,0.0526,0.0,0.526,2,0,0.0,0.0
DATE,"December 4, 2015",1,0,0.0526,0.0,0.526,1,0,0.0,0.0
DATE,"September 9, 2022 at 4:57 am",0,1,0.0,0.0213,0.0,0,1,0.0,0.0
DATE,"Dec 16, 2022",0,1,0.0,0.0213,0.0,0,1,0.0,0.0
DATE,"June 16, 2025",0,1,0.0,0.0213,0.0,0,1,0.0,0.0
DATE,"January 9, 2016 at 2:36 pm",0,1,0.0,0.0213,0.0,0,1,0.0,0.0
DATE,"February 3, 2025",0,2,0.0,0.0426,0.0,0,2,0.0,0.0
DATE,"T16:49:21-05:00November 2nd, 2025",0,1,0.0,0.0213,0.0,0,1,0.0,0.0
DATE,"March 17, 2026",0,1,0.0,0.0213,0.0,0,1,0.0,0.0
DATE,"June 25, 2025",0,1,0.0,0.0213,0.0,0,1,0.0,0.0
DATE,"June 23, 2025",0,1,0.0,0.0213,0.0,0,1,0.0,0.0
DATE,"April 6, 2018 at 2:44 am",0,1,0.0,0.0213,0.0,0,1,0.0,0.0
DATE,"June 26, 2025",0,1,0.0,0.0213,0.0,0,1,0.0,0.0
DATE,December 28 2025,0,1,0.0,0.0213,0.0,0,1,0.0,0.0
DATE,"March 31, 2026",0,1,0.0,0.0213,0.0,0,1,0.0,0.0
DATE,"October 24, 2024",0,1,0.0,0.0213,0.0,0,2,0.0,0.0
DATE,"June 17, 2025",0,1,0.0,0.0213,0.0,0,1,0.0,0.0
DATE,"June 4, 2025",0,1,0.0,0.0213,0.0,0,2,0.0,0.0
DATE,March 2025,0,1,0.0,0.0213,0.0,0,1,0.0,0.0
DATE,"January 17, 2027",0,1,0.0,0.0213,0.0,0,1,0.0,0.0
DATE,"June 5, 2025",0,1,0.0,0.0213,0.0,0,1,0.0,0.0
DATE,"June 27, 2025",0,1,0.0,0.0213,0.0,0,1,0.0,0.0
DATE,"Feb 2, 2026",0,1,0.0,0.0213,0.0,0,1,0.0,0.0
DATE,"June 12, 2025",0,1,0.0,0.0213,0.0,0,1,0.0,0.0
DATE,"February 25, 2026",0,1,0.0,0.0213,0.0,0,1,0.0,0.0
DATE,"June 9, 2025",0,1,0.0,0.0213,0.0,0,1,0.0,0.0
DATE,"April 29, 2025",0,1,0.0,0.0213,0.0,0,1,0.0,0.0
DATE,"March 26, 2026",0,1,0.0,0.0213,0.0,0,1,0.0,0.0
DATE,"Jan 20, 2026",0,2,0.0,0.0426,0.0,0,2,0.0,0.0
DATE,"February 26, 2025",0,1,0.0,0.0213,0.0,0,1,0.0,0.0
DATE,"May 13, 2024",0,1,0.0,0.0213,0.0,0,1,0.0,0.0
DATE,"January 7, 2025",0,1,0.0,0.0213,0.0,0,1,0.0,0.0
DATE,"June 19, 2025",0,1,0.0,0.0213,0.0,0,2,0.0,0.0
DATE,"December 2, 2025",0,1,0.0,0.0213,0.0,0,1,0.0,0.0
DATE,"July 14, 2025",0,1,0.0,0.0213,0.0,0,8,0.0,0.0
DATE,"Jan 27, 2022",0,1,0.0,0.0213,0.0,0,1,0.0,0.0
DATE,"June 3, 2025",0,1,0.0,0.0213,0.0,0,1,0.0,0.0
DATE,"Mar 28, 2022",0,1,0.0,0.0213,0.0,0,1,0.0,0.0
DATE,"December 12, 2019",0,1,0.0,0.0213,0.0,0,1,0.0,0.0
DATE,"June 14, 2025",0,1,0.0,0.0213,0.0,0,1,0.0,0.0
DATE,"June 15, 2025",0,1,0.0,0.0213,0.0,0,1,0.0,0.0
DATE,"April 10, 2026",0,1,0.0,0.0213,0.0,0,3,0.0,0.0
DATE,"October 12, 2017 at 2:52 am",0,1,0.0,0.0213,0.0,0,1,0.0,0.0
DATE,"September 19, 2023",0,1,0.0,0.0213,0.0,0,1,0.0,0.0
DATE,"Mar 22, 2026",0,3,0.0,0.0638,0.0,0,3,0.0,0.0
DATE,"December 12, 2025",0,1,0.0,0.0213,0.0,0,1,0.0,0.0
DATE,"June 24, 2025",0,1,0.0,0.0213,0.0,0,1,0.0,0.0
DATE,"March 7, 2017",0,1,0.0,0.0213,0.0,0,1,0.0,0.0
DATE,"July 10, 2019",0,1,0.0,0.0213,0.0,0,1,0.0,0.0
DATE,"Dec 2, 2025",0,1,0.0,0.0213,0.0,0,1,0.0,0.0
DATE,February 2026,0,1,0.0,0.0213,0.0,0,1,0.0,0.0
DATE,"September 2, 2025",0,1,0.0,0.0213,0.0,0,3,0.0,0.0
DATE,"March 16, 2026",0,1,0.0,0.0213,0.0,0,7,0.0,0.0
DATE,"October 21, 2022",0,1,0.0,0.0213,0.0,0,1,0.0,0.0
DATE,"February 10, 2017 at 4:01 am",0,1,0.0,0.0213,0.0,0,1,0.0,0.0
DATE,"April 13, 2026",0,1,0.0,0.0213,0.0,0,2,0.0,0.0
DATE,"April 26, 2026",0,1,0.0,0.0213,0.0,0,1,0.0,0.0
DATE,"Mar 5, 2025",0,1,0.0,0.0213,0.0,0,1,0.0,0.0
DATE,"Jan 13, 2026",0,1,0.0,0.0213,0.0,0,1,0.0,0.0
DATE,"July 3, 2025",0,2,0.0,0.0426,0.0,0,2,0.0,0.0
DATE,"June 13, 2018 at 7:06 am",0,1,0.0,0.0213,0.0,0,1,0.0,0.0
DATE,"November 18, 2025",0,1,0.0,0.0213,0.0,0,4,0.0,0.0
DATE,"February 7, 2024",0,1,0.0,0.0213,0.0,0,1,0.0,0.0
DATE,"June 28, 2025",0,1,0.0,0.0213,0.0,0,1,0.0,0.0
DATE,"June 8, 2025",0,1,0.0,0.0213,0.0,0,1,0.0,0.0
DATE,"September 12, 2024",0,1,0.0,0.0213,0.0,0,1,0.0,0.0
DATE,"June 11, 2025",0,1,0.0,0.0213,0.0,0,1,0.0,0.0
DATE,"December 30, 2019",0,1,0.0,0.0213,0.0,0,1,0.0,0.0
DATE,"April 10, 2026 12:19 pm",0,1,0.0,0.0213,0.0,0,1,0.0,0.0
DATE,06/30/15,0,1,0.0,0.0213,0.0,0,1,0.0,0.0
DATE,"February 14, 2018 at 6:25 am",0,1,0.0,0.0213,0.0,0,1,0.0,0.0
DATE,5 Mar 2026,0,1,0.0,0.0213,0.0,0,1,0.0,0.0
DATE,May 7,0,1,0.0,0.0213,0.0,0,1,0.0,0.0
DATE,"October 29, 2024",0,1,0.0,0.0213,0.0,0,2,0.0,0.0
DATE,"June 13, 2025",0,1,0.0,0.0213,0.0,0,2,0.0,0.0
DATE,February 8 2026,0,1,0.0,0.0213,0.0,0,1,0.0,0.0
DATE,"March 24, 2026",0,1,0.0,0.0213,0.0,0,2,0.0,0.0
DATE,"August 01, 2023",0,1,0.0,0.0213,0.0,0,1,0.0,0.0
DATE,12 Mar 2026,0,1,0.0,0.0213,0.0,0,1,0.0,0.0
DATE,"June 20, 2025",0,1,0.0,0.0213,0.0,0,1,0.0,0.0
DATE,"January 26, 2026",0,1,0.0,0.0213,0.0,0,1,0.0,0.0
DATE,"April 14, 2026",0,2,0.0,0.0426,0.0,0,3,0.0,0.0
DATE,"June 21, 2025",0,1,0.0,0.0213,0.0,0,1,0.0,0.0
DATE,"March 6, 2026",0,1,0.0,0.0213,0.0,0,1,0.0,0.0
DATE,"June 7, 2025",0,1,0.0,0.0213,0.0,0,1,0.0,0.0
DATE,"June 22, 2025",0,1,0.0,0.0213,0.0,0,1,0.0,0.0
DATE,"Mar 17, 2026",0,1,0.0,0.0213,0.0,0,2,0.0,0.0
DATE,"October 28, 2016 at 11:42 am",0,1,0.0,0.0213,0.0,0,1,0.0,0.0
DATE,"Dec 9, 2024",0,1,0.0,0.0213,0.0,0,1,0.0,0.0
DATE,"July 5, 2018",0,1,0.0,0.0213,0.0,0,1,0.0,0.0
DATE,"July 10, 2018",0,1,0.0,0.0213,0.0,0,3,0.0,0.0
DATE,"April 6, 2026",0,1,0.0,0.0213,0.0,0,1,0.0,0.0
DATE,"June 6, 2025",0,1,0.0,0.0213,0.0,0,1,0.0,0.0
DATE,"March 1, 2023",0,1,0.0,0.0213,0.0,0,1,0.0,0.0
DATE,2025-02-14T08:12:50-08:00,0,1,0.0,0.0213,0.0,0,2,0.0,0.0
DATE,"April 15, 2026",0,1,0.0,0.0213,0.0,0,1,0.0,0.0
DATE,"June 2, 2025",0,1,0.0,0.0213,0.0,0,2,0.0,0.0
DATE,Apr 9,0,1,0.0,0.0213,0.0,0,1,0.0,0.0
DATE,"April 9, 2026",0,1,0.0,0.0213,0.0,0,1,0.0,0.0
DATE,"November 9, 2017 at 9:11 pm",0,1,0.0,0.0213,0.0,0,1,0.0,0.0
DATE,"June 18, 2025",0,1,0.0,0.0213,0.0,0,1,0.0,0.0
DATE,"June 10, 2025",0,1,0.0,0.0213,0.0,0,1,0.0,0.0
DATE,"March 23, 2026",0,1,0.0,0.0213,0.0,0,2,0.0,0.0
DATE,"May 30, 2025",0,1,0.0,0.0213,0.0,0,2,0.0,0.0
DATE,"Apr 7, 2026",0,2,0.0,0.0426,0.0,0,2,0.0,0.0
DATE,31 Oct 2025,0,1,0.0,0.0213,0.0,0,1,0.0,0.0
DATE,"Jan 20, 2022",0,1,0.0,0.0213,0.0,0,1,0.0,0.0
DATE,"March 25, 2026",0,1,0.0,0.0213,0.0,0,1,0.0,0.0
DATE,April 29,0,1,0.0,0.0213,0.0,0,1,0.0,0.0
DATE,"July 10, 2017 at 3:53 am",0,1,0.0,0.0213,0.0,0,1,0.0,0.0
DATE,"May 31, 2025",0,1,0.0,0.0213,0.0,0,1,0.0,0.0
DATE,27 Jan 2026,0,1,0.0,0.0213,0.0,0,1,0.0,0.0
DATE,"June 25, 2018",0,1,0.0,0.0213,0.0,0,1,0.0,0.0
PERSON,Multilingual,4,1,0.2105,0.0213,9.8826,4,1,0.002985,0.003941
PERSON,CEO,2,1,0.1053,0.0213,4.9437,2,2,0.001074,0.006087
PERSON,Comparison Table,2,1,0.1053,0.0213,4.9437,2,1,0.004669,0.001019
PERSON,Operational Efficiency,2,1,0.1053,0.0213,4.9437,2,1,0.003704,0.000923
PERSON,Happy Returns,3,3,0.1579,0.0638,2.4749,5,5,0.077468,0.030505
PERSON,Consolidated,1,1,0.0526,0.0213,2.4695,1,1,0.000389,0.014424
PERSON,Pro,1,1,0.0526,0.0213,2.4695,1,1,0.000488,0.005504
PERSON,Remember,1,1,0.0526,0.0213,2.4695,1,1,9.7e-05,0.003625
PERSON,Understanding,1,1,0.0526,0.0213,2.4695,1,1,0.000268,0.000268
PERSON,Retains,1,1,0.0526,0.0213,2.4695,2,2,0.000607,0.000607
PERSON,Top,1,1,0.0526,0.0213,2.4695,4,4,0.002913,0.002913
PERSON,Blue Dart,1,1,0.0526,0.0213,2.4695,1,1,0.001753,0.000994
PERSON,Amazon,1,1,0.0526,0.0213,2.4695,1,1,0.000341,0.006717
PERSON,Incentives,1,1,0.0526,0.0213,2.4695,1,1,0.000337,0.000337
PERSON,Retailers,1,1,0.0526,0.0213,2.4695,1,1,0.002309,0.001676
PERSON,Bronze,1,1,0.0526,0.0213,2.4695,1,1,0.000361,8.1e-05
PERSON,Gold,1,1,0.0526,0.0213,2.4695,1,1,0.000337,0.000229
PERSON,Enterprise,1,1,0.0526,0.0213,2.4695,1,2,0.001309,0.000512
PERSON,Businesses,1,1,0.0526,0.0213,2.4695,2,1,0.007765,0.003973
PERSON,Centralized,2,3,0.1053,0.0638,1.6505,2,3,0.001545,0.000568
PERSON,Professional,2,3,0.1053,0.0638,1.6505,2,4,0.001862,0.000135
PERSON,Thank you,2,3,0.1053,0.0638,1.6505,2,3,0.000304,0.002019
PERSON,Retrieved,3,0,0.1579,0.0,1.579,23,0,0.003921,0.0
PERSON,Pirate Ship,1,2,0.0526,0.0426,1.2347,1,3,0.01861,0.001173
PERSON,Starter,1,2,0.0526,0.0426,1.2347,1,2,0.002723,0.001408
PERSON,Platinum,1,2,0.0526,0.0426,1.2347,1,2,0.002186,0.000629
PERSON,Clear,1,2,0.0526,0.0426,1.2347,1,2,0.000243,0.000446
PERSON,Silver,1,2,0.0526,0.0426,1.2347,1,2,0.000361,0.000152
PERSON,Anne,2,0,0.1053,0.0,1.053,2,0,0.001109,0.0
PERSON,Transparent,2,0,0.1053,0.0,1.053,2,0,0.004516,0.0
PERSON,Real-Time Tracking,2,0,0.1053,0.0,1.053,2,0,0.003465,0.0
PERSON,Sathish Loganathan,2,0,0.1053,0.0,1.053,2,0,0.002135,0.0
PERSON,Loop Returns,2,5,0.1053,0.1064,0.9897,5,5,0.024019,0.017504
PERSON,marketplaces/platforms,1,0,0.0526,0.0,0.526,1,0,0.007363,0.0
PERSON,Ticket Assignment,1,0,0.0526,0.0,0.526,1,0,0.000313,0.0
PERSON,Actionable Ideas,1,0,0.0526,0.0,0.526,2,0,0.000469,0.0
PERSON,Exceptional,1,0,0.0526,0.0,0.526,1,0,0.000839,0.0
PERSON,Parcel Perform,1,0,0.0526,0.0,0.526,1,0,0.001764,0.0
PERSON,Warranty,1,0,0.0526,0.0,0.526,1,0,0.000544,0.0
PERSON,Photography Equipment,1,0,0.0526,0.0,0.526,1,0,0.000996,0.0
PERSON,Sarah Johnson,1,0,0.0526,0.0,0.526,1,0,0.000248,0.0
PERSON,Love,1,0,0.0526,0.0,0.526,2,0,0.000441,0.0
PERSON,Final Thoughts,1,0,0.0526,0.0,0.526,1,0,0.000468,0.0
PERSON,Temu,1,0,0.0526,0.0,0.526,1,0,0.00084,0.0
PERSON,designed,1,0,0.0526,0.0,0.526,1,0,0.000168,0.0
PERSON,Russell,1,0,0.0526,0.0,0.526,1,0,0.000767,0.0
PERSON,Market Data,1,0,0.0526,0.0,0.526,1,0,0.007271,0.0
PERSON,Parts Consumption,1,0,0.0526,0.0,0.526,1,0,0.000851,0.0
PERSON,E-commerce companies,1,0,0.0526,0.0,0.526,1,0,0.000581,0.0
PERSON,Basketball Wear,1,0,0.0526,0.0,0.526,1,0,0.001072,0.0
PERSON,Collaborate,1,0,0.0526,0.0,0.526,1,0,0.000355,0.0
PERSON,Bourree,1,0,0.0526,0.0,0.526,1,0,0.000407,0.0
PERSON,Lights,1,0,0.0526,0.0,0.526,3,0,0.005963,0.0
PERSON,Jonathan,1,0,0.0526,0.0,0.526,1,0,0.00018,0.0
PERSON,Shipping Volume,1,0,0.0526,0.0,0.526,1,0,0.000327,0.0
PERSON,Maitrayee,1,0,0.0526,0.0,0.526,1,0,0.000301,0.0
PERSON,Los Angeles,1,0,0.0526,0.0,0.526,1,0,0.011776,0.0
PERSON,Categories,1,0,0.0526,0.0,0.526,2,0,0.004907,0.0
PERSON,Stock Transfer,1,0,0.0526,0.0,0.526,1,0,0.000736,0.0
PERSON,Dimensional packing,1,0,0.0526,0.0,0.526,1,0,0.000669,0.0
PERSON,analytics,1,0,0.0526,0.0,0.526,1,0,0.001903,0.0
PERSON,Used Cars,1,0,0.0526,0.0,0.526,1,0,0.001139,0.0
PERSON,Shipping Labels,1,0,0.0526,0.0,0.526,2,0,0.00134,0.0
PERSON,Established,1,0,0.0526,0.0,0.526,1,0,0.00032,0.0
PERSON,Tool Name,1,0,0.0526,0.0,0.526,1,0,0.003308,0.0
PERSON,Business Opportunities,1,0,0.0526,0.0,0.526,1,0,0.000521,0.0
PERSON,Public Sector,1,0,0.0526,0.0,0.526,1,0,0.000179,0.0
PERSON,Construction,1,0,0.0526,0.0,0.526,6,0,0.00624,0.0
PERSON,Product Options,1,0,0.0526,0.0,0.526,1,0,0.000568,0.0
PERSON,Casual Shoes,1,0,0.0526,0.0,0.526,1,0,0.001023,0.0
PERSON,Daniel J.,1,0,0.0526,0.0,0.526,1,0,0.000445,0.0
PERSON,Policy Validations,1,0,0.0526,0.0,0.526,1,0,0.00042,0.0
PERSON,Accelerated Restocking,1,0,0.0526,0.0,0.526,1,0,0.00194,0.0
PERSON,Andy Medici,1,0,0.0526,0.0,0.526,1,0,0.000315,0.0
PERSON,Body Only,1,0,0.0526,0.0,0.526,1,0,0.000241,0.0
PERSON,Electric Motorcycles,1,0,0.0526,0.0,0.526,1,0,0.006475,0.0
PERSON,Art Design,1,0,0.0526,0.0,0.526,1,0,0.00194,0.0
PERSON,Dance Dress,1,0,0.0526,0.0,0.526,1,0,0.001078,0.0
PERSON,"grading, etc.",1,0,0.0526,0.0,0.526,1,0,0.006218,0.0
PERSON,Tommaso Tamburnotti,1,0,0.0526,0.0,0.526,2,0,0.007268,0.0
PERSON,Michelai Graham,1,0,0.0526,0.0,0.526,2,0,0.000446,0.0
PERSON,Descartes,1,0,0.0526,0.0,0.526,2,0,0.000166,0.0
PERSON,Enhanced,1,0,0.0526,0.0,0.526,1,0,0.000966,0.0
PERSON,Manufacturing,1,0,0.0526,0.0,0.526,1,0,0.002319,0.0
PERSON,End-to-End Tracking,1,0,0.0526,0.0,0.526,1,0,0.002949,0.0
PERSON,Dianna,1,0,0.0526,0.0,0.526,1,0,0.00019,0.0
PERSON,Augustin Ceyrac,1,0,0.0526,0.0,0.526,2,0,0.007268,0.0
PERSON,Jon,1,0,0.0526,0.0,0.526,1,0,0.000767,0.0
PERSON,Ted Leonsis,1,0,0.0526,0.0,0.526,1,0,0.000562,0.0
PERSON,Home Care,1,0,0.0526,0.0,0.526,2,0,0.005932,0.0
PERSON,0.09/label,1,0,0.0526,0.0,0.526,1,0,0.000799,0.0
PERSON,Tremendously,1,0,0.0526,0.0,0.526,1,0,0.000182,0.0
PERSON,Supports,1,0,0.0526,0.0,0.526,1,0,0.000412,0.0
PERSON,Amanda,1,0,0.0526,0.0,0.526,1,0,0.000923,0.0
PERSON,Reject Codes,1,0,0.0526,0.0,0.526,1,0,0.000315,0.0
PERSON,Shipping Destinations,1,0,0.0526,0.0,0.526,1,0,0.001997,0.0
PERSON,Analyze,1,0,0.0526,0.0,0.526,1,0,0.000194,0.0
PERSON,Carrier-connected labels,1,0,0.0526,0.0,0.526,1,0,0.000308,0.0
PERSON,Wonderful Application,1,0,0.0526,0.0,0.526,1,0,0.000181,0.0
PERSON,Published,1,0,0.0526,0.0,0.526,1,0,7.5e-05,0.0
PERSON,Overkill,1,0,0.0526,0.0,0.526,1,0,0.00115,0.0
PERSON,Connects with,1,0,0.0526,0.0,0.526,1,0,0.000182,0.0
PERSON,Gaurav Saran,1,0,0.0526,0.0,0.526,1,0,0.000479,0.0
PERSON,cost-savings,1,0,0.0526,0.0,0.526,1,0,0.005425,0.0
PERSON,Alexis,1,0,0.0526,0.0,0.526,1,0,0.000954,0.0
PERSON,Branded Page,1,0,0.0526,0.0,0.526,1,0,0.000839,0.0
PERSON,Sync,1,0,0.0526,0.0,0.526,1,0,7.8e-05,0.0
PERSON,Fraud Prevention,1,0,0.0526,0.0,0.526,3,0,0.003283,0.0
PERSON,Short,1,0,0.0526,0.0,0.526,1,0,0.000511,0.0
PERSON,Exchange-first,1,0,0.0526,0.0,0.526,1,0,0.000561,0.0
PERSON,Church Hats,1,0,0.0526,0.0,0.526,1,0,0.001097,0.0
PERSON,Shein,1,0,0.0526,0.0,0.526,1,0,0.00084,0.0
PERSON,40/month,1,0,0.0526,0.0,0.526,1,0,0.000441,0.0
PERSON,Alerts,1,0,0.0526,0.0,0.526,1,0,0.001993,0.0
PERSON,Solar Panels,1,0,0.0526,0.0,0.526,1,0,0.002402,0.0
PERSON,Karaoke System,1,0,0.0526,0.0,0.526,1,0,0.000991,0.0
PERSON,Carrier-connected,1,0,0.0526,0.0,0.526,1,0,0.000308,0.0
PERSON,Ship,1,0,0.0526,0.0,0.526,1,0,0.000166,0.0
PERSON,Management Software,1,0,0.0526,0.0,0.526,3,0,0.006951,0.0
PERSON,Starting Up,1,0,0.0526,0.0,0.526,2,0,0.001343,0.0
PERSON,Recipient,1,0,0.0526,0.0,0.526,1,0,0.003148,0.0
PERSON,SMBs,1,0,0.0526,0.0,0.526,1,0,0.000426,0.0
PERSON,Safety Accidents,1,0,0.0526,0.0,0.526,1,0,0.002724,0.0
PERSON,European,1,0,0.0526,0.0,0.526,1,0,0.000121,0.0
PERSON,Supporting Docs,1,0,0.0526,0.0,0.526,1,0,0.000317,0.0
PERSON,Zipper Sliders,1,0,0.0526,0.0,0.526,1,0,0.001032,0.0
PERSON,Reasons,1,0,0.0526,0.0,0.526,1,0,0.000293,0.0
PERSON,Receive,1,0,0.0526,0.0,0.526,1,0,0.000128,0.0
PERSON,Fault Analysis,1,0,0.0526,0.0,0.526,1,0,0.000313,0.0
PERSON,Efficiently,1,0,0.0526,0.0,0.526,1,0,0.011461,0.0
PERSON,Consolidate,1,0,0.0526,0.0,0.526,1,0,0.001672,0.0
PERSON,Narvar,1,0,0.0526,0.0,0.526,1,0,0.000743,0.0
PERSON,Most Popular,1,0,0.0526,0.0,0.526,1,0,0.000153,0.0
PERSON,Manage Contracts,1,0,0.0526,0.0,0.526,1,0,0.00042,0.0
PERSON,Jason,1,0,0.0526,0.0,0.526,1,0,0.002163,0.0
PERSON,Veeqo is,1,0,0.0526,0.0,0.526,1,0,0.000131,0.0
PERSON,Snap Button,1,0,0.0526,0.0,0.526,1,0,0.001091,0.0
PERSON,Integration Needs,1,0,0.0526,0.0,0.526,1,0,0.000717,0.0
PERSON,Fulfillment transportation,1,0,0.0526,0.0,0.526,1,0,0.001491,0.0
PERSON,Amrita,1,0,0.0526,0.0,0.526,1,0,0.000175,0.0
PERSON,Whether,1,0,0.0526,0.0,0.526,1,0,0.000677,0.0
PERSON,Kleiner Perkins,1,0,0.0526,0.0,0.526,1,0,0.000308,0.0
PERSON,Running Jacket,1,0,0.0526,0.0,0.526,1,0,0.001419,0.0
PERSON,Evening Dresses,1,0,0.0526,0.0,0.526,1,0,0.001836,0.0
PERSON,Christopher,1,0,0.0526,0.0,0.526,1,0,0.000402,0.0
PERSON,Electric Cars,1,0,0.0526,0.0,0.526,1,0,0.00612,0.0
PERSON,Simplifying,1,0,0.0526,0.0,0.526,1,0,0.006108,0.0
PERSON,Multi Role,1,0,0.0526,0.0,0.526,1,0,0.000436,0.0
PERSON,Logistics,1,0,0.0526,0.0,0.526,1,0,0.007268,0.0
PERSON,Shopify Shipping,1,0,0.0526,0.0,0.526,1,0,0.035658,0.0
PERSON,Customer Communication,1,0,0.0526,0.0,0.526,1,0,0.003176,0.0
PERSON,Limited,1,0,0.0526,0.0,0.526,1,0,0.00028,0.0
PERSON,Tenfore Holdings,1,0,0.0526,0.0,0.526,1,0,0.00067,0.0
PERSON,Standardized,1,0,0.0526,0.0,0.526,1,0,9e-05,0.0
PERSON,Warehouses,1,0,0.0526,0.0,0.526,1,0,0.000253,0.0
PERSON,No Hassle,1,0,0.0526,0.0,0.526,1,0,3.4e-05,0.0
PERSON,"December 25, 2015",1,0,0.0526,0.0,0.526,1,0,0.001039,0.0
PERSON,Vendor Portals,1,0,0.0526,0.0,0.526,1,0,0.000632,0.0
PERSON,Shan,1,0,0.0526,0.0,0.526,1,0,0.000188,0.0
PERSON,69.99/month,1,0,0.0526,0.0,0.526,1,0,0.000511,0.0
PERSON,Reason Codes,1,0,0.0526,0.0,0.526,2,0,0.000666,0.0
PERSON,Check Status,1,0,0.0526,0.0,0.526,2,0,0.000557,0.0
PERSON,Validate,1,0,0.0526,0.0,0.526,1,0,6.9e-05,0.0
PERSON,Tf Card,1,0,0.0526,0.0,0.526,1,0,0.001006,0.0
PERSON,Venti,1,0,0.0526,0.0,0.526,1,0,0.000511,0.0
PERSON,TechCrunch,1,0,0.0526,0.0,0.526,1,0,0.002286,0.0
PERSON,Post Shipping,1,0,0.0526,0.0,0.526,1,0,0.001667,0.0
PERSON,Allyson,1,0,0.0526,0.0,0.526,1,0,0.000453,0.0
PERSON,Marketing Advertising,1,0,0.0526,0.0,0.526,1,0,0.004699,0.0
PERSON,Vr Devices,1,0,0.0526,0.0,0.526,1,0,0.000801,0.0
PERSON,Order Management,1,0,0.0526,0.0,0.526,1,0,0.000436,0.0
PERSON,Shipup,1,0,0.0526,0.0,0.526,1,0,0.0142,0.0
PERSON,Europe,1,0,0.0526,0.0,0.526,1,0,0.003741,0.0
PERSON,浙公網,1,0,0.0526,0.0,0.526,1,0,0.000165,0.0
PERSON,Reason,1,0,0.0526,0.0,0.526,1,0,0.000197,0.0
PERSON,Save,1,0,0.0526,0.0,0.526,1,0,0.018564,0.0
PERSON,Frequent,1,0,0.0526,0.0,0.526,1,0,0.0003,0.0
PERSON,Carrier Support,1,0,0.0526,0.0,0.526,1,0,0.000508,0.0
PERSON,Michael Torres,1,0,0.0526,0.0,0.526,1,0,0.000247,0.0
PERSON,NE YORK-,1,0,0.0526,0.0,0.526,1,0,0.148853,0.0
PERSON,Customer Credits,1,0,0.0526,0.0,0.526,1,0,0.000736,0.0
PERSON,Item State,1,0,0.0526,0.0,0.526,1,0,0.002778,0.0
PERSON,Wedding Dresses,1,0,0.0526,0.0,0.526,1,0,0.001716,0.0
PERSON,Depreciation,1,0,0.0526,0.0,0.526,1,0,0.000941,0.0
PERSON,Safety Stock,1,0,0.0526,0.0,0.526,1,0,0.000313,0.0
PERSON,Customer Service,1,0,0.0526,0.0,0.526,1,0,0.003106,0.0
PERSON,Return Rabbit,1,0,0.0526,0.0,0.526,1,0,0.012818,0.0
PERSON,Healthcare Facilities,1,0,0.0526,0.0,0.526,1,0,0.0006,0.0
PERSON,Voice Coil,1,0,0.0526,0.0,0.526,1,0,0.000805,0.0
PERSON,From €,1,0,0.0526,0.0,0.526,1,0,0.000868,0.0
PERSON,Also Read,1,0,0.0526,0.0,0.526,2,0,0.002589,0.0
PERSON,Criteria,1,0,0.0526,0.0,0.526,1,0,0.000108,0.0
PERSON,Good Company,1,0,0.0526,0.0,0.526,1,0,0.053536,0.0
PERSON,Typical Competitors,1,0,0.0526,0.0,0.526,1,0,0.002377,0.0
PERSON,App Program,1,0,0.0526,0.0,0.526,1,0,0.002373,0.0
PERSON,Original Wholesale,1,0,0.0526,0.0,0.526,1,0,0.000153,0.0
PERSON,Football Sets,1,0,0.0526,0.0,0.526,1,0,0.001777,0.0
PERSON,Tactical Clothes,1,0,0.0526,0.0,0.526,1,0,0.001043,0.0
PERSON,Effective,1,0,0.0526,0.0,0.526,1,0,0.002146,0.0
PERSON,Implement,1,0,0.0526,0.0,0.526,1,0,0.001935,0.0
PERSON,Multi Location,1,0,0.0526,0.0,0.526,1,0,0.000655,0.0
PERSON,Sound Cards,1,0,0.0526,0.0,0.526,1,0,0.000986,0.0
PERSON,Chris,1,0,0.0526,0.0,0.526,2,0,0.000567,0.0
PERSON,Scientific,1,0,0.0526,0.0,0.526,1,0,0.000242,0.0
PERSON,Brian,1,0,0.0526,0.0,0.526,1,0,0.00027,0.0
PERSON,Nearly,1,0,0.0526,0.0,0.526,1,0,0.003683,0.0
PERSON,Catherine,1,0,0.0526,0.0,0.526,1,0,0.000322,0.0
PERSON,Electric Scooters,1,0,0.0526,0.0,0.526,1,0,0.006029,0.0
PERSON,Return Bars,1,0,0.0526,0.0,0.526,1,0,0.003061,0.0
PERSON,Shieber,1,0,0.0526,0.0,0.526,1,0,0.00018,0.0
PERSON,Key Capabilities,1,0,0.0526,0.0,0.526,1,0,0.000392,0.0
PERSON,Biotechnology Pharmaceuticals,1,0,0.0526,0.0,0.526,1,0,0.001812,0.0
PERSON,Ear Cover,1,0,0.0526,0.0,0.526,1,0,0.001048,0.0
PERSON,Track Packages,1,0,0.0526,0.0,0.526,1,0,0.00146,0.0
PERSON,Shippo,4,19,0.2105,0.4043,0.5207,9,46,0.02749,0.024772
PERSON,Advanced,1,5,0.0526,0.1064,0.4944,2,5,0.001267,0.000848
PERSON,Easyship,1,5,0.0526,0.1064,0.4944,1,7,0.000488,0.002044
PERSON,Post Tracking,0,1,0.0,0.0213,0.0,0,1,0.0,0.00407
PERSON,Read More,0,1,0.0,0.0213,0.0,0,2,0.0,0.013542
PERSON,ShippingEasy,0,1,0.0,0.0213,0.0,0,1,0.0,0.020594
PERSON,Connects,0,1,0.0,0.0213,0.0,0,2,0.0,0.002411
PERSON,International Shipping,0,1,0.0,0.0213,0.0,0,1,0.0,0.003915
PERSON,Shipping Platforms,0,1,0.0,0.0213,0.0,0,1,0.0,0.003807
PERSON,Premier,0,1,0.0,0.0213,0.0,0,1,0.0,0.000356
PERSON,Etsy Integration,0,1,0.0,0.0213,0.0,0,1,0.0,0.001409
PERSON,Stock Sync,0,1,0.0,0.0213,0.0,0,1,0.0,0.002761
PERSON,Omnichannel Inbox,0,1,0.0,0.0213,0.0,0,1,0.0,0.007833
PERSON,Researched by,0,1,0.0,0.0213,0.0,0,1,0.0,0.000364
PERSON,Complete Guide,0,1,0.0,0.0213,0.0,0,1,0.0,0.029948
PERSON,Manage,0,1,0.0,0.0213,0.0,0,2,0.0,0.003946
PERSON,Marketplaces,0,2,0.0,0.0426,0.0,0,3,0.0,0.044857
PERSON,Intuitive Shipping,0,1,0.0,0.0213,0.0,0,3,0.0,0.002574
PERSON,Large Shop,0,1,0.0,0.0213,0.0,0,1,0.0,0.00034
PERSON,Accelerator,0,1,0.0,0.0213,0.0,0,1,0.0,7.1e-05
PERSON,Accept All,0,2,0.0,0.0426,0.0,0,2,0.0,0.006712
PERSON,Another,0,1,0.0,0.0213,0.0,0,1,0.0,0.001165
PERSON,Startups,0,2,0.0,0.0426,0.0,0,2,0.0,0.002792
PERSON,Ecommerce,0,1,0.0,0.0213,0.0,0,1,0.0,0.017811
PERSON,Nitin Rachabathuni,0,1,0.0,0.0213,0.0,0,1,0.0,0.000861
PERSON,Amitav Bhattacharjee,0,1,0.0,0.0213,0.0,0,1,0.0,0.000318
PERSON,Connectivity,0,1,0.0,0.0213,0.0,0,1,0.0,0.000207
PERSON,Shipping automation,0,1,0.0,0.0213,0.0,0,1,0.0,0.021984
PERSON,Conquer,0,1,0.0,0.0213,0.0,0,1,0.0,0.000167
PERSON,Suitable,0,1,0.0,0.0213,0.0,0,1,0.0,0.000344
PERSON,Automatically,0,1,0.0,0.0213,0.0,0,2,0.0,0.008636
PERSON,Market availability,0,1,0.0,0.0213,0.0,0,1,0.0,0.001005
PERSON,Functional,0,2,0.0,0.0426,0.0,0,2,0.0,0.001402
PERSON,Updated,0,1,0.0,0.0213,0.0,0,2,0.0,0.001995
PERSON,Inventory,0,1,0.0,0.0213,0.0,0,1,0.0,0.013945
PERSON,Ecommerce Growth,0,1,0.0,0.0213,0.0,0,2,0.0,0.003534
PERSON,Just checking,0,1,0.0,0.0213,0.0,0,1,0.0,0.000563
PERSON,Amazon's FBA,0,1,0.0,0.0213,0.0,0,1,0.0,0.0008
PERSON,Market-leading,0,1,0.0,0.0213,0.0,0,1,0.0,0.000292
PERSON,Unlmtd Rates,0,1,0.0,0.0213,0.0,0,2,0.0,0.000358
PERSON,Ordoro,0,3,0.0,0.0638,0.0,0,8,0.0,0.003086
PERSON,Instant Exchanges,0,2,0.0,0.0426,0.0,0,2,0.0,0.004954
PERSON,Simplified Shipping,0,2,0.0,0.0426,0.0,0,2,0.0,0.003868
PERSON,And,0,1,0.0,0.0213,0.0,0,2,0.0,0.029571
PERSON,Bonus,0,1,0.0,0.0213,0.0,0,1,0.0,0.000976
PERSON,Single-carrier,0,1,0.0,0.0213,0.0,0,1,0.0,0.000224
PERSON,Carrier Rates,0,1,0.0,0.0213,0.0,0,1,0.0,0.001713
PERSON,Orderback.io,0,1,0.0,0.0213,0.0,0,1,0.0,0.026249
PERSON,Peoplevox,0,1,0.0,0.0213,0.0,0,1,0.0,0.001113
PERSON,Standard,0,2,0.0,0.0426,0.0,0,3,0.0,0.000697
PERSON,design,0,1,0.0,0.0213,0.0,0,1,0.0,0.000405
PERSON,Digital Strategy,0,1,0.0,0.0213,0.0,0,3,0.0,0.000889
PERSON,Instantaneous,0,1,0.0,0.0213,0.0,0,1,0.0,9.9e-05
PERSON,First,0,1,0.0,0.0213,0.0,0,1,0.0,0.00049
PERSON,ytidb,0,2,0.0,0.0426,0.0,0,2,0.0,0.000521
PERSON,Product Types,0,1,0.0,0.0213,0.0,0,1,0.0,0.000316
PERSON,Carrier,0,1,0.0,0.0213,0.0,0,1,0.0,0.002399
PERSON,Bonus Credit,0,1,0.0,0.0213,0.0,0,1,0.0,0.000412
PERSON,Carrier Selection,0,1,0.0,0.0213,0.0,0,1,0.0,0.000183
PERSON,Top 5,0,2,0.0,0.0426,0.0,0,6,0.0,0.04338
PERSON,Overall Score,0,1,0.0,0.0213,0.0,0,4,0.0,0.003472
PERSON,"2,000 shipments",0,1,0.0,0.0213,0.0,0,1,0.0,0.001279
PERSON,Users Like,0,1,0.0,0.0213,0.0,0,6,0.0,0.004331
PERSON,Priority Mail,0,1,0.0,0.0213,0.0,0,1,0.0,0.002249
PERSON,With,0,3,0.0,0.0638,0.0,0,3,0.0,0.009319
PERSON,Collaborative,0,1,0.0,0.0213,0.0,0,1,0.0,0.000143
PERSON,Inventory Source,0,1,0.0,0.0213,0.0,0,1,0.0,0.003331
PERSON,Wonderment,0,1,0.0,0.0213,0.0,0,1,0.0,0.000512
PERSON,Infrastructure,0,1,0.0,0.0213,0.0,0,2,0.0,0.000441
PERSON,Multichannel,0,1,0.0,0.0213,0.0,0,1,0.0,0.003663
PERSON,Benefits,0,2,0.0,0.0426,0.0,0,2,0.0,0.001478
PERSON,Benjamin Gordon,0,1,0.0,0.0213,0.0,0,2,0.0,0.000944
PERSON,Sponsored,0,1,0.0,0.0213,0.0,0,1,0.0,0.000296
PERSON,Plan Type,0,1,0.0,0.0213,0.0,0,1,0.0,0.000317
PERSON,100 labels,0,1,0.0,0.0213,0.0,0,1,0.0,0.00034
PERSON,Filter,0,1,0.0,0.0213,0.0,0,1,0.0,0.000123
PERSON,professional,0,1,0.0,0.0213,0.0,0,1,0.0,0.001717
PERSON,Hannah Bernstein,0,1,0.0,0.0213,0.0,0,38,0.0,0.003464
PERSON,Store Credits,0,1,0.0,0.0213,0.0,0,1,0.0,0.000727
PERSON,Shipment caps,0,1,0.0,0.0213,0.0,0,1,0.0,0.000564
PERSON,Chris Cage,0,1,0.0,0.0213,0.0,0,1,0.0,0.002436
PERSON,Bolt Fulfillment,0,1,0.0,0.0213,0.0,0,1,0.0,0.006299
PERSON,Incorporate,0,1,0.0,0.0213,0.0,0,1,0.0,0.000722
PERSON,Continuously,0,1,0.0,0.0213,0.0,0,1,0.0,0.00205
PERSON,Availability,0,1,0.0,0.0213,0.0,0,1,0.0,8.2e-05
PERSON,Product Tags,0,1,0.0,0.0213,0.0,0,1,0.0,0.00086
PERSON,Inventory Sync,0,2,0.0,0.0426,0.0,0,2,0.0,0.001093
PERSON,Inventory Management,0,2,0.0,0.0426,0.0,0,3,0.0,0.017507
PERSON,Bronze Plan,0,1,0.0,0.0213,0.0,0,1,0.0,0.000674
PERSON,Shippo Features,0,1,0.0,0.0213,0.0,0,1,0.0,0.002859
PERSON,Daniel Sfita,0,1,0.0,0.0213,0.0,0,1,0.0,0.00283
PERSON,Hardware Compatibility,0,1,0.0,0.0213,0.0,0,1,0.0,0.000675
PERSON,Trial Info,0,2,0.0,0.0426,0.0,0,2,0.0,0.00347
PERSON,Sashank Ravindranath,0,1,0.0,0.0213,0.0,0,2,0.0,0.003937
PERSON,Vamaship,0,1,0.0,0.0213,0.0,0,1,0.0,0.000109
PERSON,International Reach,0,1,0.0,0.0213,0.0,0,1,0.0,0.000104
PERSON,Multicarrier,0,2,0.0,0.0426,0.0,0,2,0.0,0.002795
PERSON,Periodically,0,1,0.0,0.0213,0.0,0,1,0.0,0.000557
PERSON,LLMs,0,1,0.0,0.0213,0.0,0,1,0.0,0.000188
PERSON,Optimizing,0,1,0.0,0.0213,0.0,0,1,0.0,0.015311
PERSON,Methodology:,0,1,0.0,0.0213,0.0,0,1,0.0,5e-05
PERSON,demonstrating,0,2,0.0,0.0426,0.0,0,2,0.0,0.000784
PERSON,incentivizing,0,1,0.0,0.0213,0.0,0,1,0.0,9.5e-05
PERSON,Designed,0,1,0.0,0.0213,0.0,0,1,0.0,0.003909
PERSON,Fulfil,0,1,0.0,0.0213,0.0,0,1,0.0,0.019703
PERSON,Comprehensive,0,2,0.0,0.0426,0.0,0,2,0.0,0.001925
PERSON,Business,0,2,0.0,0.0426,0.0,0,2,0.0,0.000463
PERSON,Schedule,0,1,0.0,0.0213,0.0,0,1,0.0,0.001067
PERSON,Shippingeasy,0,1,0.0,0.0213,0.0,0,4,0.0,0.000998
PERSON,Reporting,0,1,0.0,0.0213,0.0,0,1,0.0,0.000175
PERSON,149/month,0,1,0.0,0.0213,0.0,0,1,0.0,0.000168
PERSON,Buyers Remorse,0,1,0.0,0.0213,0.0,0,1,0.0,0.003306
PERSON,Fulfillment,0,1,0.0,0.0213,0.0,0,1,0.0,0.001759
PERSON,Over,0,1,0.0,0.0213,0.0,0,1,0.0,0.000247
PERSON,Unlimited Rates,0,1,0.0,0.0213,0.0,0,2,0.0,0.00028
PERSON,Shipping Software,0,1,0.0,0.0213,0.0,0,1,0.0,0.007823
PERSON,Duties Instantly,0,1,0.0,0.0213,0.0,0,1,0.0,0.000823
PERSON,Unsatisfied,0,1,0.0,0.0213,0.0,0,1,0.0,0.002303
PERSON,"6,000 orders",0,1,0.0,0.0213,0.0,0,1,0.0,0.000247
PERSON,Customization Options,0,1,0.0,0.0213,0.0,0,1,0.0,0.000561
PERSON,Facilitates,0,1,0.0,0.0213,0.0,0,1,0.0,0.000556
PERSON,Finale Inventory,0,1,0.0,0.0213,0.0,0,1,0.0,0.013945
PERSON,September 12,0,1,0.0,0.0213,0.0,0,1,0.0,0.000924
PERSON,Central time,0,1,0.0,0.0213,0.0,0,1,0.0,0.001501
PERSON,Best For,0,1,0.0,0.0213,0.0,0,1,0.0,0.001097
PERSON,March 16,0,1,0.0,0.0213,0.0,0,7,0.0,0.000679
PERSON,March 26,0,1,0.0,0.0213,0.0,0,1,0.0,0.002988
PERSON,Scale,0,2,0.0,0.0426,0.0,0,2,0.0,0.000895
PERSON,Free Plan,0,1,0.0,0.0213,0.0,0,1,0.0,0.003403
PERSON,syncX,0,1,0.0,0.0213,0.0,0,1,0.0,0.002761
PERSON,220/month,0,1,0.0,0.0213,0.0,0,1,0.0,0.000134
PERSON,Operational,0,1,0.0,0.0213,0.0,0,2,0.0,0.001264
PERSON,Oracle Netsuite,0,1,0.0,0.0213,0.0,0,1,0.0,0.000205
PERSON,Zoho Books,0,1,0.0,0.0213,0.0,0,1,0.0,0.000187
PERSON,Hasan Nabulsi,0,1,0.0,0.0213,0.0,0,1,0.0,0.004359
PERSON,with 50,0,1,0.0,0.0213,0.0,0,1,0.0,7.5e-05
PERSON,Efficient,0,1,0.0,0.0213,0.0,0,1,0.0,0.000141
PERSON,Per-shipment,0,1,0.0,0.0213,0.0,0,1,0.0,0.000246
PERSON,Parcelify,0,1,0.0,0.0213,0.0,0,1,0.0,0.000861
PERSON,marketing@delight,0,1,0.0,0.0213,0.0,0,1,0.0,0.000458
PERSON,Product Name,0,1,0.0,0.0213,0.0,0,1,0.0,0.00055
PERSON,Angry Customers,0,1,0.0,0.0213,0.0,0,2,0.0,0.004916
PERSON,Ted Baker,0,1,0.0,0.0213,0.0,0,1,0.0,0.001803
PERSON,Green Tick,0,1,0.0,0.0213,0.0,0,1,0.0,0.004697
PERSON,Functionality,0,1,0.0,0.0213,0.0,0,1,0.0,0.002463
PERSON,Customer support,0,2,0.0,0.0426,0.0,0,2,0.0,0.001752
PERSON,End-to-End Automation,0,1,0.0,0.0213,0.0,0,1,0.0,7.4e-05
PERSON,Route,0,1,0.0,0.0213,0.0,0,1,0.0,0.000717
PERSON,Ecommerce Consultant,0,1,0.0,0.0213,0.0,0,1,0.0,0.023048
PERSON,Allowing,0,1,0.0,0.0213,0.0,0,1,0.0,0.002764
PERSON,Couriers,0,1,0.0,0.0213,0.0,0,1,0.0,0.000127
PERSON,Bronze at,0,1,0.0,0.0213,0.0,0,1,0.0,6.4e-05
PERSON,December 28,0,1,0.0,0.0213,0.0,0,1,0.0,0.000451
PERSON,Returns Management,0,4,0.0,0.0851,0.0,0,4,0.0,0.056226
PERSON,Deliveries:,0,1,0.0,0.0213,0.0,0,1,0.0,0.000313
PERSON,Price,0,1,0.0,0.0213,0.0,0,2,0.0,0.007821
PERSON,Traditional,0,1,0.0,0.0213,0.0,0,2,0.0,0.000769
PERSON,Order Tracking,0,1,0.0,0.0213,0.0,0,1,0.0,0.004367
PERSON,Returnly,0,1,0.0,0.0213,0.0,0,1,0.0,0.022318
PERSON,Description,0,2,0.0,0.0426,0.0,0,10,0.0,0.001097
PERSON,Annual Subscription,0,1,0.0,0.0213,0.0,0,1,0.0,0.000121
PERSON,Peripheral Hardware,0,1,0.0,0.0213,0.0,0,6,0.0,0.001368
PERSON,A whopping,0,1,0.0,0.0213,0.0,0,1,0.0,0.009362
PERSON,Comparatively,0,1,0.0,0.0213,0.0,0,1,0.0,0.000734
PERSON,Customer Experience,0,1,0.0,0.0213,0.0,0,1,0.0,0.002541
PERSON,Case Studies,0,1,0.0,0.0213,0.0,0,3,0.0,0.000282
PERSON,Customer Support,0,1,0.0,0.0213,0.0,0,1,0.0,0.00451
PERSON,Full Comparison,0,1,0.0,0.0213,0.0,0,2,0.0,0.005365
PERSON,Connected Shipping,0,1,0.0,0.0213,0.0,0,1,0.0,0.003072
PERSON,Return Label,0,1,0.0,0.0213,0.0,0,1,0.0,0.002839
PERSON,Scalability,0,1,0.0,0.0213,0.0,0,1,0.0,0.000238
PERSON,Postscript,0,1,0.0,0.0213,0.0,0,1,0.0,0.000862
PERSON,Banyan Included,0,1,0.0,0.0213,0.0,0,1,0.0,0.000353
PERSON,Guaranteed,0,1,0.0,0.0213,0.0,0,1,0.0,0.000896
PERSON,Premium,0,2,0.0,0.0426,0.0,0,3,0.0,0.000664
PERSON,GlobalShipped,0,1,0.0,0.0213,0.0,0,1,0.0,0.000656
PERSON,Billbee,0,2,0.0,0.0426,0.0,0,2,0.0,0.000467
PERSON,"WooCommerce, etc.",0,1,0.0,0.0213,0.0,0,1,0.0,0.002613
PERSON,Time-sensitive,0,1,0.0,0.0213,0.0,0,1,0.0,0.002003
PERSON,Offline-capable,0,1,0.0,0.0213,0.0,0,1,0.0,0.000196
PERSON,Return Magic,0,1,0.0,0.0213,0.0,0,1,0.0,0.083247
PERSON,Simplified,0,1,0.0,0.0213,0.0,0,1,0.0,8.2e-05
PERSON,While,0,1,0.0,0.0213,0.0,0,1,0.0,0.006555
PERSON,Establishing,0,1,0.0,0.0213,0.0,0,1,0.0,0.00034
PERSON,Outvio,0,1,0.0,0.0213,0.0,0,1,0.0,0.003723
PERSON,Automated,0,2,0.0,0.0426,0.0,0,2,0.0,0.006152
PERSON,Shippo Overview,0,1,0.0,0.0213,0.0,0,1,0.0,0.002879
PERSON,orders/month,0,1,0.0,0.0213,0.0,0,1,0.0,0.001078
PERSON,Grande,0,1,0.0,0.0213,0.0,0,1,0.0,7.8e-05
PERSON,marketplaces,0,1,0.0,0.0213,0.0,0,1,0.0,0.000317
PERSON,More Info,0,1,0.0,0.0213,0.0,0,20,0.0,0.01403
PERSON,Accessibility,0,1,0.0,0.0213,0.0,0,1,0.0,0.0003
PERSON,Free Tool,0,1,0.0,0.0213,0.0,0,2,0.0,0.003491
PERSON,January,0,1,0.0,0.0213,0.0,0,1,0.0,0.003249
PERSON,China Post,0,1,0.0,0.0213,0.0,0,1,0.0,0.005504
PERSON,2026-01-11T16:49:21-05:00November,0,1,0.0,0.0213,0.0,0,1,0.0,0.000532
PERSON,Fulfillment Services,0,1,0.0,0.0213,0.0,0,1,0.0,0.000843
PERSON,Shipping Solutions,0,1,0.0,0.0213,0.0,0,1,0.0,0.003227
PERSON,and Walmart.,0,1,0.0,0.0213,0.0,0,1,0.0,0.00386
PERSON,Duty Calculator,0,1,0.0,0.0213,0.0,0,1,0.0,0.001118
PERSON,Visit Easyship,0,1,0.0,0.0213,0.0,0,1,0.0,0.001964
PERSON,Leo Jonessays:,0,1,0.0,0.0213,0.0,0,1,0.0,0.00038
PERSON,Customer reviews,0,2,0.0,0.0426,0.0,0,2,0.0,0.001717
PERSON,Visit Shippo,0,1,0.0,0.0213,0.0,0,1,0.0,0.017166
PERSON,All,0,1,0.0,0.0213,0.0,0,1,0.0,0.004512
PERSON,If,0,1,0.0,0.0213,0.0,0,1,0.0,0.00399
PERSON,Kustomer Pricing,0,1,0.0,0.0213,0.0,0,1,0.0,0.000401
PERSON,Promotional Broadcasts,0,1,0.0,0.0213,0.0,0,1,0.0,0.000291
PERSON,Carrier integrations,0,1,0.0,0.0213,0.0,0,2,0.0,0.002475
PERSON,Warenpost National,0,1,0.0,0.0213,0.0,0,1,0.0,0.000133
PERSON,Optimize,0,1,0.0,0.0213,0.0,0,1,0.0,0.000861
PERSON,Exact Online,0,1,0.0,0.0213,0.0,0,1,0.0,0.000283
PERSON,Outlook Email,0,1,0.0,0.0213,0.0,0,1,0.0,0.000421
PERSON,AmazonFBA,0,1,0.0,0.0213,0.0,0,1,0.0,0.007022
PERSON,Zapiet,0,2,0.0,0.0426,0.0,0,2,0.0,0.000914
PERSON,Melhor Envio,0,1,0.0,0.0213,0.0,0,1,0.0,0.000796
PERSON,Demonstrate long-term ROI.,0,1,0.0,0.0213,0.0,0,1,0.0,0.000301
PERSON,Here's how,0,1,0.0,0.0213,0.0,0,1,0.0,0.002495
PERSON,€99/m,0,1,0.0,0.0213,0.0,0,1,0.0,0.000512
PERSON,UPS Shipping,0,2,0.0,0.0426,0.0,0,2,0.0,0.000712
PERSON,Essentials,0,4,0.0,0.0851,0.0,0,5,0.0,0.001854
PERSON,Quick Overview,0,1,0.0,0.0213,0.0,0,4,0.0,0.001257
PERSON,Pradeepa Somasundaram,0,1,0.0,0.0213,0.0,0,1,0.0,0.000845
PERSON,Live Chat,0,1,0.0,0.0213,0.0,0,1,0.0,0.000558
PERSON,Complexity,0,1,0.0,0.0213,0.0,0,3,0.0,0.000674
PERSON,shipments/month,0,1,0.0,0.0213,0.0,0,1,0.0,0.00375
PERSON,Ecommerce Beginners,0,1,0.0,0.0213,0.0,0,1,0.0,9.5e-05
PERSON,ShipWell,0,1,0.0,0.0213,0.0,0,1,0.0,0.000386
PERSON,Shipway,0,1,0.0,0.0213,0.0,0,1,0.0,0.004689
PERSON,operating-constraint,0,1,0.0,0.0213,0.0,0,1,0.0,0.014474
PERSON,Secondly,0,1,0.0,0.0213,0.0,0,1,0.0,5.3e-05
PERSON,Angie Tran,0,1,0.0,0.0213,0.0,0,2,0.0,0.002735
PERSON,Marketing Analyst,0,1,0.0,0.0213,0.0,0,1,0.0,0.002937
PERSON,Sure Shipped,0,1,0.0,0.0213,0.0,0,1,0.0,0.002244
PERSON,Mikel Richardson,0,1,0.0,0.0213,0.0,0,1,0.0,0.006996
PERSON,Popular,0,1,0.0,0.0213,0.0,0,1,0.0,0.000246
PERSON,Basic,0,1,0.0,0.0213,0.0,0,1,0.0,0.000305
PERSON,Klaviyo,0,1,0.0,0.0213,0.0,0,2,0.0,0.000424
PERSON,Shipping Tips,0,1,0.0,0.0213,0.0,0,1,0.0,0.14459
PERSON,Square,0,1,0.0,0.0213,0.0,0,7,0.0,0.019593
PERSON,Shipping Rules,0,1,0.0,0.0213,0.0,0,1,0.0,0.01908
PERSON,Marketing,0,3,0.0,0.0638,0.0,0,4,0.0,0.000608
PERSON,Commercial Pricing,0,1,0.0,0.0213,0.0,0,1,0.0,0.000136
PERSON,Visit Ordoro,0,1,0.0,0.0213,0.0,0,1,0.0,0.003087
PERSON,And then,0,1,0.0,0.0213,0.0,0,1,0.0,0.008837
PERSON,Shipstation,0,3,0.0,0.0638,0.0,0,8,0.0,0.005406
PERSON,especially,0,1,0.0,0.0213,0.0,0,1,0.0,0.000862
PERSON,Claimlane,0,1,0.0,0.0213,0.0,0,4,0.0,0.016299
PERSON,Register Now,0,1,0.0,0.0213,0.0,0,1,0.0,0.037812
PERSON,Design,0,1,0.0,0.0213,0.0,0,1,0.0,0.000772
PERSON,Other,0,1,0.0,0.0213,0.0,0,1,0.0,0.007743
PERSON,About,0,1,0.0,0.0213,0.0,0,1,0.0,0.008443
PERSON,Turnyour,0,1,0.0,0.0213,0.0,0,2,0.0,0.002226
PERSON,Silver at,0,1,0.0,0.0213,0.0,0,1,0.0,6.4e-05
PERSON,Key Feature,0,1,0.0,0.0213,0.0,0,1,0.0,0.000968
PERSON,Veeqo,0,2,0.0,0.0426,0.0,0,3,0.0,0.000278
PERSON,one-of-a-kind goods,0,1,0.0,0.0213,0.0,0,1,0.0,7.4e-05
PERSON,Free Trial,0,3,0.0,0.0638,0.0,0,5,0.0,0.002486
PERSON,Omnichannel integration,0,1,0.0,0.0213,0.0,0,1,0.0,0.002158
PERSON,Performance,0,4,0.0,0.0851,0.0,0,4,0.0,0.002604
PERSON,Matt Thurin,0,1,0.0,0.0213,0.0,0,1,0.0,0.004158
PERSON,Identifying,0,1,0.0,0.0213,0.0,0,1,0.0,0.003725
PERSON,Inventory efficiency,0,1,0.0,0.0213,0.0,0,1,0.0,0.000731
PERSON,Length,0,1,0.0,0.0213,0.0,0,1,0.0,0.016736
PERSON,Beyond Returns,0,1,0.0,0.0213,0.0,0,1,0.0,0.001261
PERSON,Modified Label,0,1,0.0,0.0213,0.0,0,1,0.0,0.000148
PERSON,Click here,0,1,0.0,0.0213,0.0,0,2,0.0,0.00425
PERSON,Rate Only,0,1,0.0,0.0213,0.0,0,1,0.0,0.001403
PERSON,Microsoft Teams,0,1,0.0,0.0213,0.0,0,1,0.0,0.000427
PERSON,Jan,0,1,0.0,0.0213,0.0,0,1,0.0,0.00101
PERSON,December 12,0,1,0.0,0.0213,0.0,0,1,0.0,0.004641
PERSON,Return authorizations,0,1,0.0,0.0213,0.0,0,1,0.0,0.066911
PERSON,Silver Plan,0,1,0.0,0.0213,0.0,0,1,0.0,0.003991
PERSON,Poor Quality,0,1,0.0,0.0213,0.0,0,1,0.0,0.003403
PERSON,Shop Now,0,1,0.0,0.0213,0.0,0,1,0.0,0.003547
PERSON,Privacy Policy,0,1,0.0,0.0213,0.0,0,1,0.0,0.01158
PERSON,"INR 4,499/m",0,1,0.0,0.0213,0.0,0,1,0.0,0.001362
PERSON,Nextsmartship,0,1,0.0,0.0213,0.0,0,1,0.0,0.000147
PERSON,Shoppers,0,2,0.0,0.0426,0.0,0,2,0.0,0.001338
PERSON,Ecommerce Sellers,0,1,0.0,0.0213,0.0,0,1,0.0,0.126655
PERSON,Branding,0,1,0.0,0.0213,0.0,0,2,0.0,0.0003
PERSON,Onboarding,0,1,0.0,0.0213,0.0,0,1,0.0,9.6e-05
PERSON,Key Strength,0,1,0.0,0.0213,0.0,0,4,0.0,0.001117
PERSON,Customized,0,1,0.0,0.0213,0.0,0,1,0.0,0.000806
PERSON,JACKsays:,0,1,0.0,0.0213,0.0,0,1,0.0,0.000243
PERSON,Characterize,0,1,0.0,0.0213,0.0,0,1,0.0,0.000344
PERSON,Visibility,0,1,0.0,0.0213,0.0,0,1,0.0,0.038403
PERSON,Shipping,0,2,0.0,0.0426,0.0,0,2,0.0,0.080154
PERSON,Order Tracker,0,1,0.0,0.0213,0.0,0,1,0.0,0.000721
PERSON,Effortlessly,0,1,0.0,0.0213,0.0,0,1,0.0,0.000181
PERSON,Daniel Alcanja,0,1,0.0,0.0213,0.0,0,2,0.0,0.00871
PERSON,From,0,1,0.0,0.0213,0.0,0,1,0.0,0.001169
PERSON,percentage-of-processed-returns,0,1,0.0,0.0213,0.0,0,1,0.0,0.001948
PERSON,Orderhive,0,1,0.0,0.0213,0.0,0,1,0.0,0.001193
PERSON,September 9,0,1,0.0,0.0213,0.0,0,1,0.0,0.000369
PERSON,Rachelle Regua,0,2,0.0,0.0426,0.0,0,4,0.0,0.000109
PERSON,Wendy Webster,0,1,0.0,0.0213,0.0,0,1,0.0,0.004192
PERSON,Flexible,0,1,0.0,0.0213,0.0,0,1,0.0,0.000213
PERSON,March 24,0,1,0.0,0.0213,0.0,0,2,0.0,0.000665
PERSON,Basic Plan,0,1,0.0,0.0213,0.0,0,3,0.0,0.00706
PERSON,Comparison 2026,0,1,0.0,0.0213,0.0,0,2,0.0,0.011019
PERSON,Sellercloud Team,0,1,0.0,0.0213,0.0,0,1,0.0,0.003126
PERSON,Shippo Pricing,0,1,0.0,0.0213,0.0,0,1,0.0,0.002911
PERSON,Returned Items,0,1,0.0,0.0213,0.0,0,1,0.0,0.003567
PERSON,September 19,0,1,0.0,0.0213,0.0,0,1,0.0,0.000912
ORGANIZATION,2025,2,1,0.1053,0.0213,4.9437,11,1,0.00137,0.001168
ORGANIZATION,2026,4,3,0.2105,0.0638,3.2994,5,6,0.025156,0.037622
ORGANIZATION,USPS,8,8,0.4211,0.1702,2.4741,16,13,0.007124,0.001388
ORGANIZATION,Frequently Asked Questions,1,1,0.0526,0.0213,2.4695,3,1,0.00173,0.000106
ORGANIZATION,Free,1,1,0.0526,0.0213,2.4695,1,1,0.003663,0.000329
ORGANIZATION,that,1,1,0.0526,0.0213,2.4695,1,1,0.001104,0.004458
ORGANIZATION,Deloitte,1,1,0.0526,0.0213,2.4695,4,1,0.001197,0.000341
ORGANIZATION,Now,1,1,0.0526,0.0213,2.4695,1,1,0.000548,0.001524
ORGANIZATION,eBay,7,11,0.3684,0.234,1.5744,9,16,0.001651,0.000892
ORGANIZATION,DHL,8,13,0.4211,0.2766,1.5224,11,23,0.007385,0.001322
ORGANIZATION,FedEx,9,15,0.4737,0.3191,1.4845,25,47,0.007609,0.002579
ORGANIZATION,UPS,9,15,0.4737,0.3191,1.4845,19,40,0.008523,0.00241
ORGANIZATION,Walmart,2,4,0.1053,0.0851,1.2374,3,4,0.00074,0.001253
ORGANIZATION,Automatically,3,6,0.1579,0.1277,1.2365,5,12,0.007123,0.002825
ORGANIZATION,TMS,1,2,0.0526,0.0426,1.2347,1,2,9.8e-05,0.000483
ORGANIZATION,It,1,2,0.0526,0.0426,1.2347,1,3,0.006686,0.005975
ORGANIZATION,2021,2,0,0.1053,0.0,1.053,2,0,0.001693,0.0
ORGANIZATION,2017,2,0,0.1053,0.0,1.053,2,0,0.00185,0.0
ORGANIZATION,2015,2,0,0.1053,0.0,1.053,2,0,0.010541,0.0
ORGANIZATION,Canada Post,1,3,0.0526,0.0638,0.8245,2,5,0.003835,0.000343
ORGANIZATION,can,1,3,0.0526,0.0638,0.8245,2,3,0.006156,0.024958
ORGANIZATION,阿里巴巴海外信息技術有限公司,1,0,0.0526,0.0,0.526,1,0,0.000165,0.0
ORGANIZATION,Delivers,1,0,0.0526,0.0,0.526,1,0,0.003231,0.0
ORGANIZATION,The format varies,1,0,0.0526,0.0,0.526,1,0,0.008857,0.0
ORGANIZATION,GB,1,0,0.0526,0.0,0.526,1,0,0.004306,0.0
ORGANIZATION,The Business of Fashion,1,0,0.0526,0.0,0.526,1,0,0.005417,0.0
ORGANIZATION,Gartner,1,0,0.0526,0.0,0.526,1,0,0.000461,0.0
ORGANIZATION,The PluginHive Ship,1,0,0.0526,0.0,0.526,1,0,0.004785,0.0
ORGANIZATION,Kickstarter,1,0,0.0526,0.0,0.526,1,0,0.001188,0.0
ORGANIZATION,The G2 on Easyship,1,0,0.0526,0.0,0.526,1,0,0.003663,0.0
ORGANIZATION,Aftership offers Essentials,1,0,0.0526,0.0,0.526,1,0,0.001015,0.0
ORGANIZATION,The very best retailers,1,0,0.0526,0.0,0.526,1,0,0.010107,0.0
ORGANIZATION,The Washington Post,1,0,0.0526,0.0,0.526,4,0,0.004581,0.0
ORGANIZATION,Forbes,1,0,0.0526,0.0,0.526,2,0,0.000687,0.0
ORGANIZATION,Mobile-Optimized,1,0,0.0526,0.0,0.526,1,0,0.000556,0.0
ORGANIZATION,2020,1,0,0.0526,0.0,0.526,3,0,0.004038,0.0
ORGANIZATION,4833,1,0,0.0526,0.0,0.526,1,0,0.001784,0.0
ORGANIZATION,The app supports over 40,1,0,0.0526,0.0,0.526,1,0,0.001563,0.0
ORGANIZATION,Technology Company of the Year,1,0,0.0526,0.0,0.526,1,0,0.002481,0.0
ORGANIZATION,The Nasty Logistics of Returning Your Too-Small Pants,1,0,0.0526,0.0,0.526,1,0,0.003568,0.0
ORGANIZATION,Billy,1,0,0.0526,0.0,0.526,1,0,0.000593,0.0
ORGANIZATION,The Baltimore Sun,1,0,0.0526,0.0,0.526,1,0,0.004753,0.0
ORGANIZATION,Jewelry,1,0,0.0526,0.0,0.526,3,0,0.004359,0.0
ORGANIZATION,Adobe,1,0,0.0526,0.0,0.526,1,0,0.00084,0.0
ORGANIZATION,The official Post,1,0,0.0526,0.0,0.526,1,0,0.00278,0.0
ORGANIZATION,2018,1,0,0.0526,0.0,0.526,2,0,0.001594,0.0
ORGANIZATION,Technology Fast 500,1,0,0.0526,0.0,0.526,1,0,0.00166,0.0
ORGANIZATION,Oracle,1,0,0.0526,0.0,0.526,1,0,4e-05,0.0
ORGANIZATION,API,1,0,0.0526,0.0,0.526,1,0,0.001105,0.0
ORGANIZATION,Kickstarter Partnerships,1,0,0.0526,0.0,0.526,1,0,0.000532,0.0
ORGANIZATION,2019,1,0,0.0526,0.0,0.526,2,0,0.000996,0.0
ORGANIZATION,TAO,1,0,0.0526,0.0,0.526,1,0,0.000167,0.0
ORGANIZATION,PayPal,1,0,0.0526,0.0,0.526,3,0,0.025356,0.0
ORGANIZATION,Rogers,1,0,0.0526,0.0,0.526,1,0,0.000895,0.0
ORGANIZATION,The Cure for Retailers' Holiday Returns Hangover,1,0,0.0526,0.0,0.526,1,0,0.001898,0.0
ORGANIZATION,The returns,1,0,0.0526,0.0,0.526,1,0,0.004315,0.0
ORGANIZATION,success,1,0,0.0526,0.0,0.526,1,0,0.001431,0.0
ORGANIZATION,Technology Digital Media,1,0,0.0526,0.0,0.526,1,0,0.002836,0.0
ORGANIZATION,2004,1,0,0.0526,0.0,0.526,1,0,0.008419,0.0
ORGANIZATION,price relative to features and alternatives,1,0,0.0526,0.0,0.526,1,0,0.005139,0.0
ORGANIZATION,SFP,1,0,0.0526,0.0,0.526,1,0,0.000917,0.0
ORGANIZATION,CNBC,1,0,0.0526,0.0,0.526,2,0,0.002024,0.0
ORGANIZATION,The Rise of Return-Anything Culture,1,0,0.0526,0.0,0.526,1,0,0.004288,0.0
ORGANIZATION,The combination of time-savings,1,0,0.0526,0.0,0.526,1,0,0.025689,0.0
ORGANIZATION,NPR,1,0,0.0526,0.0,0.526,1,0,0.000189,0.0
ORGANIZATION,SFCC,1,0,0.0526,0.0,0.526,3,0,0.000357,0.0
ORGANIZATION,2024,1,0,0.0526,0.0,0.526,1,0,2.4e-05,0.0
ORGANIZATION,TNT,1,0,0.0526,0.0,0.526,1,0,0.001753,0.0
ORGANIZATION,CO,0,1,0.0,0.0213,0.0,0,1,0.0,0.001822
ORGANIZATION,Intelligently,0,1,0.0,0.0213,0.0,0,1,0.0,0.000497
ORGANIZATION,The Walmart you love,0,1,0.0,0.0213,0.0,0,1,0.0,0.082356
ORGANIZATION,The Cahoot Angle,0,1,0.0,0.0213,0.0,0,2,0.0,0.099517
ORGANIZATION,Mobile,0,1,0.0,0.0213,0.0,0,1,0.0,0.002127
ORGANIZATION,Starts at,0,1,0.0,0.0213,0.0,0,2,0.0,0.007233
ORGANIZATION,1087,0,1,0.0,0.0213,0.0,0,1,0.0,0.000773
ORGANIZATION,The Ship,0,1,0.0,0.0213,0.0,0,1,0.0,0.00194
ORGANIZATION,The key areas,0,1,0.0,0.0213,0.0,0,1,0.0,0.015205
ORGANIZATION,Started,0,1,0.0,0.0213,0.0,0,1,0.0,0.000406
ORGANIZATION,Success,0,2,0.0,0.0426,0.0,0,6,0.0,0.001126
ORGANIZATION,dhl,0,1,0.0,0.0213,0.0,0,3,0.0,0.002694
ORGANIZATION,Next,0,5,0.0,0.1064,0.0,0,5,0.0,0.002789
ORGANIZATION,Tumblr,0,1,0.0,0.0213,0.0,0,1,0.0,0.000513
ORGANIZATION,fedex,0,1,0.0,0.0213,0.0,0,3,0.0,0.004053
ORGANIZATION,Nextsmartship,0,1,0.0,0.0213,0.0,0,1,0.0,0.000147
ORGANIZATION,The Difficulty of Shipping,0,1,0.0,0.0213,0.0,0,1,0.0,0.029504
ORGANIZATION,National,0,1,0.0,0.0213,0.0,0,1,0.0,0.000124
ORGANIZATION,FAQPage,0,1,0.0,0.0213,0.0,0,1,0.0,0.000176
ORGANIZATION,The tool's Growth,0,1,0.0,0.0213,0.0,0,1,0.0,0.005512
ORGANIZATION,PST,0,1,0.0,0.0213,0.0,0,1,0.0,0.000548
ORGANIZATION,ups,0,1,0.0,0.0213,0.0,0,5,0.0,0.005153
ORGANIZATION,The cookie ytidb,0,2,0.0,0.0426,0.0,0,2,0.0,0.008792
ORGANIZATION,The landscape of retail,0,1,0.0,0.0213,0.0,0,1,0.0,0.007094
ORGANIZATION,The report continues:,0,1,0.0,0.0213,0.0,0,1,0.0,0.071108
ORGANIZATION,Wunschzustellung,0,1,0.0,0.0213,0.0,0,1,0.0,2.9e-05
ORGANIZATION,CX,0,1,0.0,0.0213,0.0,0,1,0.0,0.02941
ORGANIZATION,The Batch,0,1,0.0,0.0213,0.0,0,1,0.0,0.003679
ORGANIZATION,Name,0,1,0.0,0.0213,0.0,0,1,0.0,0.000271
ORGANIZATION,Answer,0,1,0.0,0.0213,0.0,0,1,0.0,0.000243
ORGANIZATION,The top 5,0,1,0.0,0.0213,0.0,0,1,0.0,0.002765
ORGANIZATION,Starter Plan,0,1,0.0,0.0213,0.0,0,3,0.0,0.002279
ORGANIZATION,There are 3,0,1,0.0,0.0213,0.0,0,1,0.0,0.00048
ORGANIZATION,three,0,1,0.0,0.0213,0.0,0,1,0.0,0.000104
ORGANIZATION,They support,0,1,0.0,0.0213,0.0,0,1,0.0,0.001225
ORGANIZATION,Lite,0,1,0.0,0.0213,0.0,0,1,0.0,0.000246
ORGANIZATION,beyond,0,1,0.0,0.0213,0.0,0,1,0.0,0.000118
ORGANIZATION,The,0,3,0.0,0.0638,0.0,0,3,0.0,0.026508
ORGANIZATION,Google,0,2,0.0,0.0426,0.0,0,8,0.0,0.000644
ORGANIZATION,altogether,0,1,0.0,0.0213,0.0,0,1,0.0,0.000591
ORGANIZATION,EU,0,1,0.0,0.0213,0.0,0,1,0.0,0.000552
ORGANIZATION,speed,0,3,0.0,0.0638,0.0,0,3,0.0,0.001207
ORGANIZATION,Starter,0,1,0.0,0.0213,0.0,0,2,0.0,0.000402
ORGANIZATION,The automation of tax documentation,0,1,0.0,0.0213,0.0,0,1,0.0,0.002471
ORGANIZATION,The reason LateShipment.com,0,1,0.0,0.0213,0.0,0,1,0.0,0.020633
ORGANIZATION,Handles,0,1,0.0,0.0213,0.0,0,1,0.0,0.000404
ORGANIZATION,Usps,0,1,0.0,0.0213,0.0,0,1,0.0,0.005628
ORGANIZATION,The service covers direct-to-consumer,0,1,0.0,0.0213,0.0,0,1,0.0,0.002824
ORGANIZATION,refund,0,1,0.0,0.0213,0.0,0,1,0.0,0.003961
ORGANIZATION,The Return Headache,0,1,0.0,0.0213,0.0,0,1,0.0,0.007694
ORGANIZATION,and more time generating sales.,0,1,0.0,0.0213,0.0,0,1,0.0,0.021315
ORGANIZATION,does,0,1,0.0,0.0213,0.0,0,1,0.0,0.000413
ORGANIZATION,specifically,0,1,0.0,0.0213,0.0,0,1,0.0,0.000961
ORGANIZATION,she,0,2,0.0,0.0426,0.0,0,2,0.0,0.000165
ORGANIZATION,The 10,0,1,0.0,0.0213,0.0,0,1,0.0,0.023623
ORGANIZATION,Alexa,0,1,0.0,0.0213,0.0,0,1,0.0,0.00185
ORGANIZATION,SAP,0,1,0.0,0.0213,0.0,0,1,0.0,0.000177
